2026-04-19 16:04:44  INFO  Device: cpu
2026-04-19 16:04:44  INFO  Loading datasets …
2026-04-19 16:04:45  INFO  Train: 219,064 | Val: 54,441 | Age range: 1–100
2026-04-19 16:04:46  INFO  Bin counts   : [3530, 8404, 58676, 67982, 46674, 18963, 14835]
2026-04-19 16:04:46  INFO  Class weights: ['3.445', '1.447', '0.207', '0.179', '0.261', '0.641', '0.820']
2026-04-19 16:04:56  INFO    Epoch 1/20  Batch 0/4563  Loss 231.1519
2026-04-19 16:09:42  INFO  Device: cpu
2026-04-19 16:09:42  INFO  Loading datasets …
2026-04-19 16:09:42  INFO  Train: 219,064 | Val: 54,441 | Age range: 1–100
2026-04-19 16:09:44  INFO  Bin counts   : [3530, 8404, 58676, 67982, 46674, 18963, 14835]
2026-04-19 16:09:44  INFO  Class weights: ['3.445', '1.447', '0.207', '0.179', '0.261', '0.641', '0.820']
2026-04-19 16:09:53  INFO    Epoch 1/20  Batch 0/4563  Loss 231.1519
2026-04-19 16:54:33  INFO  Device: cuda
2026-04-19 16:54:33  INFO    GPU : NVIDIA A100-SXM4-80GB MIG 1g.20gb
2026-04-19 16:54:33  INFO    VRAM: 20.9 GB
2026-04-19 16:54:33  INFO  Loading datasets …
2026-04-19 16:54:34  INFO  Train: 219,064 | Val: 54,441 | Age range: 1–100
2026-04-19 16:54:35  INFO  Bin counts   : [3530, 8404, 58676, 67982, 46674, 18963, 14835]
2026-04-19 16:54:35  INFO  Class weights: ['3.445', '1.447', '0.207', '0.179', '0.261', '0.641', '0.820']
2026-04-19 16:54:40  INFO    Epoch 1/20  Batch 0/4563  Loss 231.2146
2026-04-19 16:54:59  INFO    Epoch 1/20  Batch 50/4563  Loss 215.4538
2026-04-19 16:55:19  INFO    Epoch 1/20  Batch 100/4563  Loss 241.5253
2026-04-19 16:55:40  INFO    Epoch 1/20  Batch 150/4563  Loss 182.7177
2026-04-19 16:56:01  INFO    Epoch 1/20  Batch 200/4563  Loss 115.8618
2026-04-19 16:56:21  INFO    Epoch 1/20  Batch 250/4563  Loss 82.5730
2026-04-19 16:56:42  INFO    Epoch 1/20  Batch 300/4563  Loss 91.9381
2026-04-19 16:57:02  INFO    Epoch 1/20  Batch 350/4563  Loss 55.8887
2026-04-19 16:57:23  INFO    Epoch 1/20  Batch 400/4563  Loss 66.8269
2026-04-19 16:57:43  INFO    Epoch 1/20  Batch 450/4563  Loss 63.5215
2026-04-19 16:58:04  INFO    Epoch 1/20  Batch 500/4563  Loss 59.4266
2026-04-19 16:58:25  INFO    Epoch 1/20  Batch 550/4563  Loss 48.3277
2026-04-19 16:58:45  INFO    Epoch 1/20  Batch 600/4563  Loss 59.5324
2026-04-19 16:59:06  INFO    Epoch 1/20  Batch 650/4563  Loss 55.4627
2026-04-19 16:59:26  INFO    Epoch 1/20  Batch 700/4563  Loss 66.3066
2026-04-19 16:59:47  INFO    Epoch 1/20  Batch 750/4563  Loss 77.0215
2026-04-19 17:00:07  INFO    Epoch 1/20  Batch 800/4563  Loss 47.9659
2026-04-19 17:00:28  INFO    Epoch 1/20  Batch 850/4563  Loss 56.2887
2026-04-19 17:00:48  INFO    Epoch 1/20  Batch 900/4563  Loss 57.2596
2026-04-19 17:01:09  INFO    Epoch 1/20  Batch 950/4563  Loss 77.6834
2026-04-19 17:01:30  INFO    Epoch 1/20  Batch 1000/4563  Loss 54.2116
2026-04-19 17:01:51  INFO    Epoch 1/20  Batch 1050/4563  Loss 61.6099
2026-04-19 17:02:11  INFO    Epoch 1/20  Batch 1100/4563  Loss 69.2867
2026-04-19 17:02:32  INFO    Epoch 1/20  Batch 1150/4563  Loss 62.2112
2026-04-19 17:02:53  INFO    Epoch 1/20  Batch 1200/4563  Loss 61.7456
2026-04-19 17:03:13  INFO    Epoch 1/20  Batch 1250/4563  Loss 62.9147
2026-04-19 17:03:34  INFO    Epoch 1/20  Batch 1300/4563  Loss 73.9040
2026-04-19 17:03:55  INFO    Epoch 1/20  Batch 1350/4563  Loss 46.4430
2026-04-19 17:04:15  INFO    Epoch 1/20  Batch 1400/4563  Loss 63.8987
2026-04-19 17:04:35  INFO    Epoch 1/20  Batch 1450/4563  Loss 68.0392
2026-04-19 17:04:56  INFO    Epoch 1/20  Batch 1500/4563  Loss 68.7478
2026-04-19 17:05:16  INFO    Epoch 1/20  Batch 1550/4563  Loss 78.8509
2026-04-19 17:05:37  INFO    Epoch 1/20  Batch 1600/4563  Loss 62.8507
2026-04-19 17:05:58  INFO    Epoch 1/20  Batch 1650/4563  Loss 51.2351
2026-04-19 17:06:18  INFO    Epoch 1/20  Batch 1700/4563  Loss 71.9414
2026-04-19 17:06:39  INFO    Epoch 1/20  Batch 1750/4563  Loss 55.1900
2026-04-19 17:07:00  INFO    Epoch 1/20  Batch 1800/4563  Loss 52.6222
2026-04-19 17:07:20  INFO    Epoch 1/20  Batch 1850/4563  Loss 59.2795
2026-04-19 17:07:41  INFO    Epoch 1/20  Batch 1900/4563  Loss 66.5686
2026-04-19 17:08:01  INFO    Epoch 1/20  Batch 1950/4563  Loss 57.1197
2026-04-19 17:08:22  INFO    Epoch 1/20  Batch 2000/4563  Loss 37.2452
2026-04-19 17:08:42  INFO    Epoch 1/20  Batch 2050/4563  Loss 47.9935
2026-04-19 17:09:03  INFO    Epoch 1/20  Batch 2100/4563  Loss 59.3500
2026-04-19 17:09:22  INFO    Epoch 1/20  Batch 2150/4563  Loss 46.5564
2026-04-19 17:09:43  INFO    Epoch 1/20  Batch 2200/4563  Loss 56.4012
2026-04-19 17:10:03  INFO    Epoch 1/20  Batch 2250/4563  Loss 64.2016
2026-04-19 17:10:24  INFO    Epoch 1/20  Batch 2300/4563  Loss 49.8331
2026-04-19 17:10:45  INFO    Epoch 1/20  Batch 2350/4563  Loss 54.9775
2026-04-19 17:11:06  INFO    Epoch 1/20  Batch 2400/4563  Loss 44.0841
2026-04-19 17:11:26  INFO    Epoch 1/20  Batch 2450/4563  Loss 43.2952
2026-04-19 17:11:46  INFO    Epoch 1/20  Batch 2500/4563  Loss 48.8662
2026-04-19 17:12:07  INFO    Epoch 1/20  Batch 2550/4563  Loss 72.9362
2026-04-19 17:12:27  INFO    Epoch 1/20  Batch 2600/4563  Loss 55.0536
2026-04-19 17:12:47  INFO    Epoch 1/20  Batch 2650/4563  Loss 46.4396
2026-04-19 17:13:08  INFO    Epoch 1/20  Batch 2700/4563  Loss 55.5649
2026-04-19 17:13:28  INFO    Epoch 1/20  Batch 2750/4563  Loss 50.5600
2026-04-19 17:13:49  INFO    Epoch 1/20  Batch 2800/4563  Loss 59.2826
2026-04-19 17:14:10  INFO    Epoch 1/20  Batch 2850/4563  Loss 47.3639
2026-04-19 17:14:30  INFO    Epoch 1/20  Batch 2900/4563  Loss 47.0324
2026-04-19 17:14:51  INFO    Epoch 1/20  Batch 2950/4563  Loss 59.8410
2026-04-19 17:15:11  INFO    Epoch 1/20  Batch 3000/4563  Loss 50.9406
2026-04-19 17:15:31  INFO    Epoch 1/20  Batch 3050/4563  Loss 67.9076
2026-04-19 17:15:52  INFO    Epoch 1/20  Batch 3100/4563  Loss 53.0544
2026-04-19 17:16:12  INFO    Epoch 1/20  Batch 3150/4563  Loss 42.2210
2026-04-19 17:16:33  INFO    Epoch 1/20  Batch 3200/4563  Loss 60.1452
2026-04-19 17:16:54  INFO    Epoch 1/20  Batch 3250/4563  Loss 54.8966
2026-04-19 17:17:14  INFO    Epoch 1/20  Batch 3300/4563  Loss 58.7380
2026-04-19 17:17:35  INFO    Epoch 1/20  Batch 3350/4563  Loss 44.9632
2026-04-19 17:17:55  INFO    Epoch 1/20  Batch 3400/4563  Loss 52.7167
2026-04-19 17:18:15  INFO    Epoch 1/20  Batch 3450/4563  Loss 38.1542
2026-04-19 17:18:36  INFO    Epoch 1/20  Batch 3500/4563  Loss 62.2477
2026-04-19 17:18:57  INFO    Epoch 1/20  Batch 3550/4563  Loss 40.0348
2026-04-19 17:19:17  INFO    Epoch 1/20  Batch 3600/4563  Loss 52.2580
2026-04-19 17:19:38  INFO    Epoch 1/20  Batch 3650/4563  Loss 52.2550
2026-04-19 17:19:59  INFO    Epoch 1/20  Batch 3700/4563  Loss 45.5219
2026-04-19 17:20:20  INFO    Epoch 1/20  Batch 3750/4563  Loss 49.7802
2026-04-19 17:20:40  INFO    Epoch 1/20  Batch 3800/4563  Loss 59.6606
2026-04-19 17:21:01  INFO    Epoch 1/20  Batch 3850/4563  Loss 46.1314
2026-04-19 17:21:21  INFO    Epoch 1/20  Batch 3900/4563  Loss 46.4314
2026-04-19 17:21:42  INFO    Epoch 1/20  Batch 3950/4563  Loss 59.6405
2026-04-19 17:22:02  INFO    Epoch 1/20  Batch 4000/4563  Loss 38.6261
2026-04-19 17:22:23  INFO    Epoch 1/20  Batch 4050/4563  Loss 41.8719
2026-04-19 17:22:43  INFO    Epoch 1/20  Batch 4100/4563  Loss 46.4958
2026-04-19 17:23:04  INFO    Epoch 1/20  Batch 4150/4563  Loss 48.1407
2026-04-19 17:23:25  INFO    Epoch 1/20  Batch 4200/4563  Loss 47.4034
2026-04-19 17:23:45  INFO    Epoch 1/20  Batch 4250/4563  Loss 43.5264
2026-04-19 17:24:06  INFO    Epoch 1/20  Batch 4300/4563  Loss 45.5465
2026-04-19 17:24:27  INFO    Epoch 1/20  Batch 4350/4563  Loss 48.3079
2026-04-19 17:24:47  INFO    Epoch 1/20  Batch 4400/4563  Loss 54.7185
2026-04-19 17:25:08  INFO    Epoch 1/20  Batch 4450/4563  Loss 57.8709
2026-04-19 17:25:28  INFO    Epoch 1/20  Batch 4500/4563  Loss 47.7911
2026-04-19 17:25:48  INFO    Epoch 1/20  Batch 4550/4563  Loss 52.2641
2026-04-19 17:32:49  INFO  Epoch 001/20 | Train MAE 14.614 | Val MAE 12.354 | ±3yr 17.0% | ±5yr 27.5% | 2293s
2026-04-19 17:32:49  INFO    ★  New best saved  (val_mae=12.3543)
2026-04-19 17:32:50  INFO    Epoch 2/20  Batch 0/4563  Loss 35.6786
2026-04-19 17:33:10  INFO    Epoch 2/20  Batch 50/4563  Loss 49.7596
2026-04-19 17:33:31  INFO    Epoch 2/20  Batch 100/4563  Loss 51.9958
2026-04-19 17:33:52  INFO    Epoch 2/20  Batch 150/4563  Loss 51.3519
2026-04-19 17:34:13  INFO    Epoch 2/20  Batch 200/4563  Loss 27.7319
2026-04-19 17:34:33  INFO    Epoch 2/20  Batch 250/4563  Loss 61.9826
2026-04-19 17:34:53  INFO    Epoch 2/20  Batch 300/4563  Loss 34.8273
2026-04-19 17:35:13  INFO    Epoch 2/20  Batch 350/4563  Loss 46.0993
2026-04-19 17:35:34  INFO    Epoch 2/20  Batch 400/4563  Loss 46.5273
2026-04-19 17:35:54  INFO    Epoch 2/20  Batch 450/4563  Loss 50.7049
2026-04-19 17:36:15  INFO    Epoch 2/20  Batch 500/4563  Loss 49.9423
2026-04-19 17:36:36  INFO    Epoch 2/20  Batch 550/4563  Loss 49.8001
2026-04-19 17:36:57  INFO    Epoch 2/20  Batch 600/4563  Loss 48.2349
2026-04-19 17:37:17  INFO    Epoch 2/20  Batch 650/4563  Loss 73.0006
2026-04-19 17:37:38  INFO    Epoch 2/20  Batch 700/4563  Loss 66.5027
2026-04-19 17:37:59  INFO    Epoch 2/20  Batch 750/4563  Loss 62.9906
2026-04-19 17:38:19  INFO    Epoch 2/20  Batch 800/4563  Loss 60.6558
2026-04-19 17:38:40  INFO    Epoch 2/20  Batch 850/4563  Loss 40.9895
2026-04-19 17:39:01  INFO    Epoch 2/20  Batch 900/4563  Loss 62.6872
2026-04-19 17:39:21  INFO    Epoch 2/20  Batch 950/4563  Loss 31.9325
2026-04-19 17:39:41  INFO    Epoch 2/20  Batch 1000/4563  Loss 55.4757
2026-04-19 17:40:02  INFO    Epoch 2/20  Batch 1050/4563  Loss 35.8436
2026-04-19 17:40:23  INFO    Epoch 2/20  Batch 1100/4563  Loss 54.7648
2026-04-19 17:40:43  INFO    Epoch 2/20  Batch 1150/4563  Loss 45.6990
2026-04-19 17:41:04  INFO    Epoch 2/20  Batch 1200/4563  Loss 52.7500
2026-04-19 17:41:25  INFO    Epoch 2/20  Batch 1250/4563  Loss 49.5080
2026-04-19 17:41:45  INFO    Epoch 2/20  Batch 1300/4563  Loss 48.4678
2026-04-19 17:42:06  INFO    Epoch 2/20  Batch 1350/4563  Loss 60.2505
2026-04-19 17:42:27  INFO    Epoch 2/20  Batch 1400/4563  Loss 66.5653
2026-04-19 17:42:47  INFO    Epoch 2/20  Batch 1450/4563  Loss 44.0991
2026-04-19 17:43:08  INFO    Epoch 2/20  Batch 1500/4563  Loss 59.6019
2026-04-19 17:43:29  INFO    Epoch 2/20  Batch 1550/4563  Loss 53.6494
2026-04-19 17:43:50  INFO    Epoch 2/20  Batch 1600/4563  Loss 44.7251
2026-04-19 17:44:10  INFO    Epoch 2/20  Batch 1650/4563  Loss 56.4338
2026-04-19 17:44:31  INFO    Epoch 2/20  Batch 1700/4563  Loss 48.5027
2026-04-19 17:44:51  INFO    Epoch 2/20  Batch 1750/4563  Loss 54.5132
2026-04-19 17:45:11  INFO    Epoch 2/20  Batch 1800/4563  Loss 60.0388
2026-04-19 17:45:31  INFO    Epoch 2/20  Batch 1850/4563  Loss 50.0786
2026-04-19 17:45:52  INFO    Epoch 2/20  Batch 1900/4563  Loss 54.9617
2026-04-19 17:46:13  INFO    Epoch 2/20  Batch 1950/4563  Loss 38.8614
2026-04-19 17:46:33  INFO    Epoch 2/20  Batch 2000/4563  Loss 57.5172
2026-04-19 17:46:54  INFO    Epoch 2/20  Batch 2050/4563  Loss 51.4173
2026-04-19 17:47:14  INFO    Epoch 2/20  Batch 2100/4563  Loss 63.1853
2026-04-19 17:47:35  INFO    Epoch 2/20  Batch 2150/4563  Loss 52.1905
2026-04-19 17:47:56  INFO    Epoch 2/20  Batch 2200/4563  Loss 34.7659
2026-04-19 17:48:16  INFO    Epoch 2/20  Batch 2250/4563  Loss 56.1326
2026-04-19 17:48:37  INFO    Epoch 2/20  Batch 2300/4563  Loss 49.0580
2026-04-19 17:48:57  INFO    Epoch 2/20  Batch 2350/4563  Loss 62.7258
2026-04-19 17:49:18  INFO    Epoch 2/20  Batch 2400/4563  Loss 42.6230
2026-04-19 17:49:39  INFO    Epoch 2/20  Batch 2450/4563  Loss 42.8089
2026-04-19 17:49:59  INFO    Epoch 2/20  Batch 2500/4563  Loss 43.6692
2026-04-19 17:50:19  INFO    Epoch 2/20  Batch 2550/4563  Loss 49.3289
2026-04-19 17:50:40  INFO    Epoch 2/20  Batch 2600/4563  Loss 51.9125
2026-04-19 17:51:01  INFO    Epoch 2/20  Batch 2650/4563  Loss 49.8644
2026-04-19 17:51:21  INFO    Epoch 2/20  Batch 2700/4563  Loss 62.6541
2026-04-19 17:51:41  INFO    Epoch 2/20  Batch 2750/4563  Loss 51.0499
2026-04-19 17:52:02  INFO    Epoch 2/20  Batch 2800/4563  Loss 56.1284
2026-04-19 17:52:23  INFO    Epoch 2/20  Batch 2850/4563  Loss 51.1409
2026-04-19 17:52:43  INFO    Epoch 2/20  Batch 2900/4563  Loss 32.2718
2026-04-19 17:53:04  INFO    Epoch 2/20  Batch 2950/4563  Loss 52.9369
2026-04-19 17:53:24  INFO    Epoch 2/20  Batch 3000/4563  Loss 46.9169
2026-04-19 17:53:44  INFO    Epoch 2/20  Batch 3050/4563  Loss 32.1516
2026-04-19 17:54:05  INFO    Epoch 2/20  Batch 3100/4563  Loss 36.4112
2026-04-19 17:54:25  INFO    Epoch 2/20  Batch 3150/4563  Loss 65.8842
2026-04-19 17:54:46  INFO    Epoch 2/20  Batch 3200/4563  Loss 55.7952
2026-04-19 17:55:06  INFO    Epoch 2/20  Batch 3250/4563  Loss 48.9372
2026-04-19 17:55:26  INFO    Epoch 2/20  Batch 3300/4563  Loss 48.0436
2026-04-19 17:55:47  INFO    Epoch 2/20  Batch 3350/4563  Loss 45.0730
2026-04-19 17:56:07  INFO    Epoch 2/20  Batch 3400/4563  Loss 45.7692
2026-04-19 17:56:28  INFO    Epoch 2/20  Batch 3450/4563  Loss 50.2964
2026-04-19 17:56:49  INFO    Epoch 2/20  Batch 3500/4563  Loss 45.8320
2026-04-19 17:57:09  INFO    Epoch 2/20  Batch 3550/4563  Loss 55.5226
2026-04-19 17:57:30  INFO    Epoch 2/20  Batch 3600/4563  Loss 48.2418
2026-04-19 17:57:50  INFO    Epoch 2/20  Batch 3650/4563  Loss 61.8027
2026-04-19 17:58:10  INFO    Epoch 2/20  Batch 3700/4563  Loss 53.9665
2026-04-19 17:58:31  INFO    Epoch 2/20  Batch 3750/4563  Loss 48.3135
2026-04-19 17:58:52  INFO    Epoch 2/20  Batch 3800/4563  Loss 45.2341
2026-04-19 17:59:12  INFO    Epoch 2/20  Batch 3850/4563  Loss 42.5567
2026-04-19 17:59:32  INFO    Epoch 2/20  Batch 3900/4563  Loss 45.1171
2026-04-19 17:59:52  INFO    Epoch 2/20  Batch 3950/4563  Loss 28.1252
2026-04-19 18:00:12  INFO    Epoch 2/20  Batch 4000/4563  Loss 53.5524
2026-04-19 18:00:33  INFO    Epoch 2/20  Batch 4050/4563  Loss 51.1371
2026-04-19 18:00:54  INFO    Epoch 2/20  Batch 4100/4563  Loss 33.0065
2026-04-19 18:01:14  INFO    Epoch 2/20  Batch 4150/4563  Loss 43.9709
2026-04-19 18:01:35  INFO    Epoch 2/20  Batch 4200/4563  Loss 44.4334
2026-04-19 18:01:55  INFO    Epoch 2/20  Batch 4250/4563  Loss 41.2382
2026-04-19 18:02:15  INFO    Epoch 2/20  Batch 4300/4563  Loss 63.4248
2026-04-19 18:02:36  INFO    Epoch 2/20  Batch 4350/4563  Loss 46.5522
2026-04-19 18:02:57  INFO    Epoch 2/20  Batch 4400/4563  Loss 52.5974
2026-04-19 18:03:17  INFO    Epoch 2/20  Batch 4450/4563  Loss 56.9599
2026-04-19 18:03:37  INFO    Epoch 2/20  Batch 4500/4563  Loss 45.2213
2026-04-19 18:03:58  INFO    Epoch 2/20  Batch 4550/4563  Loss 51.6371
2026-04-19 18:10:51  INFO  Epoch 002/20 | Train MAE 12.112 | Val MAE 11.696 | ±3yr 18.2% | ±5yr 29.3% | 2282s
2026-04-19 18:10:52  INFO    ★  New best saved  (val_mae=11.6959)
2026-04-19 18:10:53  INFO    Epoch 3/20  Batch 0/4563  Loss 38.9649
2026-04-19 18:11:13  INFO    Epoch 3/20  Batch 50/4563  Loss 47.2979
2026-04-19 18:11:34  INFO    Epoch 3/20  Batch 100/4563  Loss 61.6916
2026-04-19 18:11:55  INFO    Epoch 3/20  Batch 150/4563  Loss 38.7708
2026-04-19 18:12:15  INFO    Epoch 3/20  Batch 200/4563  Loss 51.4136
2026-04-19 18:12:36  INFO    Epoch 3/20  Batch 250/4563  Loss 49.4206
2026-04-19 18:12:56  INFO    Epoch 3/20  Batch 300/4563  Loss 47.2921
2026-04-19 18:13:17  INFO    Epoch 3/20  Batch 350/4563  Loss 57.6358
2026-04-19 18:13:37  INFO    Epoch 3/20  Batch 400/4563  Loss 47.7394
2026-04-19 18:13:57  INFO    Epoch 3/20  Batch 450/4563  Loss 48.4360
2026-04-19 18:14:17  INFO    Epoch 3/20  Batch 500/4563  Loss 41.1269
2026-04-19 18:14:38  INFO    Epoch 3/20  Batch 550/4563  Loss 50.6419
2026-04-19 18:14:59  INFO    Epoch 3/20  Batch 600/4563  Loss 60.1777
2026-04-19 18:15:19  INFO    Epoch 3/20  Batch 650/4563  Loss 43.0515
2026-04-19 18:15:40  INFO    Epoch 3/20  Batch 700/4563  Loss 33.9878
2026-04-19 18:16:00  INFO    Epoch 3/20  Batch 750/4563  Loss 41.3521
2026-04-19 18:16:21  INFO    Epoch 3/20  Batch 800/4563  Loss 62.1356
2026-04-19 18:16:42  INFO    Epoch 3/20  Batch 850/4563  Loss 60.7924
2026-04-19 18:17:02  INFO    Epoch 3/20  Batch 900/4563  Loss 43.1847
2026-04-19 18:17:23  INFO    Epoch 3/20  Batch 950/4563  Loss 48.3693
2026-04-19 18:17:43  INFO    Epoch 3/20  Batch 1000/4563  Loss 40.2548
2026-04-19 18:18:04  INFO    Epoch 3/20  Batch 1050/4563  Loss 48.0266
2026-04-19 18:18:24  INFO    Epoch 3/20  Batch 1100/4563  Loss 50.0688
2026-04-19 18:18:45  INFO    Epoch 3/20  Batch 1150/4563  Loss 57.4124
2026-04-19 18:19:05  INFO    Epoch 3/20  Batch 1200/4563  Loss 59.1529
2026-04-19 18:19:26  INFO    Epoch 3/20  Batch 1250/4563  Loss 60.5471
2026-04-19 18:19:47  INFO    Epoch 3/20  Batch 1300/4563  Loss 42.2830
2026-04-19 18:20:07  INFO    Epoch 3/20  Batch 1350/4563  Loss 43.9755
2026-04-19 18:20:27  INFO    Epoch 3/20  Batch 1400/4563  Loss 47.3720
2026-04-19 18:20:48  INFO    Epoch 3/20  Batch 1450/4563  Loss 58.4100
2026-04-19 18:21:08  INFO    Epoch 3/20  Batch 1500/4563  Loss 51.0249
2026-04-19 18:21:28  INFO    Epoch 3/20  Batch 1550/4563  Loss 69.2001
2026-04-19 18:21:48  INFO    Epoch 3/20  Batch 1600/4563  Loss 48.4887
2026-04-19 18:22:09  INFO    Epoch 3/20  Batch 1650/4563  Loss 40.1584
2026-04-19 18:22:29  INFO    Epoch 3/20  Batch 1700/4563  Loss 47.3832
2026-04-19 18:22:49  INFO    Epoch 3/20  Batch 1750/4563  Loss 44.1894
2026-04-19 18:23:09  INFO    Epoch 3/20  Batch 1800/4563  Loss 50.8427
2026-04-19 18:23:30  INFO    Epoch 3/20  Batch 1850/4563  Loss 39.5926
2026-04-19 18:23:50  INFO    Epoch 3/20  Batch 1900/4563  Loss 59.0233
2026-04-19 18:24:11  INFO    Epoch 3/20  Batch 1950/4563  Loss 57.2594
2026-04-19 18:24:31  INFO    Epoch 3/20  Batch 2000/4563  Loss 47.1273
2026-04-19 18:24:52  INFO    Epoch 3/20  Batch 2050/4563  Loss 54.3713
2026-04-19 18:25:13  INFO    Epoch 3/20  Batch 2100/4563  Loss 68.5224
2026-04-19 18:25:33  INFO    Epoch 3/20  Batch 2150/4563  Loss 39.8966
2026-04-19 18:25:54  INFO    Epoch 3/20  Batch 2200/4563  Loss 59.1801
2026-04-19 18:26:14  INFO    Epoch 3/20  Batch 2250/4563  Loss 46.0377
2026-04-19 18:26:35  INFO    Epoch 3/20  Batch 2300/4563  Loss 56.9249
2026-04-19 18:26:56  INFO    Epoch 3/20  Batch 2350/4563  Loss 37.8499
2026-04-19 18:27:16  INFO    Epoch 3/20  Batch 2400/4563  Loss 53.9207
2026-04-19 18:27:37  INFO    Epoch 3/20  Batch 2450/4563  Loss 55.5887
2026-04-19 18:27:57  INFO    Epoch 3/20  Batch 2500/4563  Loss 45.5499
2026-04-19 18:28:18  INFO    Epoch 3/20  Batch 2550/4563  Loss 42.6495
2026-04-19 18:28:38  INFO    Epoch 3/20  Batch 2600/4563  Loss 80.8834
2026-04-19 18:28:59  INFO    Epoch 3/20  Batch 2650/4563  Loss 45.4340
2026-04-19 18:29:20  INFO    Epoch 3/20  Batch 2700/4563  Loss 75.7150
2026-04-19 18:29:40  INFO    Epoch 3/20  Batch 2750/4563  Loss 36.2419
2026-04-19 18:30:00  INFO    Epoch 3/20  Batch 2800/4563  Loss 39.6439
2026-04-19 18:30:20  INFO    Epoch 3/20  Batch 2850/4563  Loss 58.0233
2026-04-19 18:30:41  INFO    Epoch 3/20  Batch 2900/4563  Loss 56.6039
2026-04-19 18:31:01  INFO    Epoch 3/20  Batch 2950/4563  Loss 59.5669
2026-04-19 18:31:22  INFO    Epoch 3/20  Batch 3000/4563  Loss 36.7465
2026-04-19 18:31:42  INFO    Epoch 3/20  Batch 3050/4563  Loss 41.2862
2026-04-19 18:32:03  INFO    Epoch 3/20  Batch 3100/4563  Loss 52.4497
2026-04-19 18:32:23  INFO    Epoch 3/20  Batch 3150/4563  Loss 50.4294
2026-04-19 18:32:44  INFO    Epoch 3/20  Batch 3200/4563  Loss 51.8919
2026-04-19 18:33:04  INFO    Epoch 3/20  Batch 3250/4563  Loss 37.9907
2026-04-19 18:33:25  INFO    Epoch 3/20  Batch 3300/4563  Loss 36.3502
2026-04-19 18:33:46  INFO    Epoch 3/20  Batch 3350/4563  Loss 50.6816
2026-04-19 18:34:06  INFO    Epoch 3/20  Batch 3400/4563  Loss 47.4536
2026-04-19 18:34:26  INFO    Epoch 3/20  Batch 3450/4563  Loss 58.5286
2026-04-19 18:34:47  INFO    Epoch 3/20  Batch 3500/4563  Loss 48.4794
2026-04-19 18:35:07  INFO    Epoch 3/20  Batch 3550/4563  Loss 63.0776
2026-04-19 18:35:28  INFO    Epoch 3/20  Batch 3600/4563  Loss 49.1964
2026-04-19 18:35:48  INFO    Epoch 3/20  Batch 3650/4563  Loss 50.9256
2026-04-19 18:36:09  INFO    Epoch 3/20  Batch 3700/4563  Loss 37.5942
2026-04-19 18:36:30  INFO    Epoch 3/20  Batch 3750/4563  Loss 35.6205
2026-04-19 18:36:50  INFO    Epoch 3/20  Batch 3800/4563  Loss 43.5484
2026-04-19 18:37:11  INFO    Epoch 3/20  Batch 3850/4563  Loss 38.7696
2026-04-19 18:37:31  INFO    Epoch 3/20  Batch 3900/4563  Loss 52.3853
2026-04-19 18:37:52  INFO    Epoch 3/20  Batch 3950/4563  Loss 48.6888
2026-04-19 18:38:12  INFO    Epoch 3/20  Batch 4000/4563  Loss 44.5535
2026-04-19 18:38:33  INFO    Epoch 3/20  Batch 4050/4563  Loss 51.1843
2026-04-19 18:38:53  INFO    Epoch 3/20  Batch 4100/4563  Loss 51.8789
2026-04-19 18:39:13  INFO    Epoch 3/20  Batch 4150/4563  Loss 58.3608
2026-04-19 18:39:33  INFO    Epoch 3/20  Batch 4200/4563  Loss 35.3076
2026-04-19 18:39:54  INFO    Epoch 3/20  Batch 4250/4563  Loss 49.1396
2026-04-19 18:40:15  INFO    Epoch 3/20  Batch 4300/4563  Loss 40.4994
2026-04-19 18:40:35  INFO    Epoch 3/20  Batch 4350/4563  Loss 58.3005
2026-04-19 18:40:56  INFO    Epoch 3/20  Batch 4400/4563  Loss 46.9522
2026-04-19 18:41:16  INFO    Epoch 3/20  Batch 4450/4563  Loss 50.0482
2026-04-19 18:41:36  INFO    Epoch 3/20  Batch 4500/4563  Loss 38.7964
2026-04-19 18:41:56  INFO    Epoch 3/20  Batch 4550/4563  Loss 61.1038
2026-04-19 18:48:50  INFO  Epoch 003/20 | Train MAE 11.717 | Val MAE 11.214 | ±3yr 19.2% | ±5yr 30.5% | 2278s
2026-04-19 18:48:50  INFO    ★  New best saved  (val_mae=11.2137)
2026-04-19 18:48:51  INFO  Stage 2: unfroze last 2 backbone blocks + conv_head + bn2.
2026-04-19 18:48:52  INFO    Epoch 4/20  Batch 0/4563  Loss 44.3499
2026-04-19 18:49:14  INFO    Epoch 4/20  Batch 50/4563  Loss 57.2511
2026-04-19 18:49:36  INFO    Epoch 4/20  Batch 100/4563  Loss 50.8335
2026-04-19 18:49:58  INFO    Epoch 4/20  Batch 150/4563  Loss 37.2663
2026-04-19 18:50:20  INFO    Epoch 4/20  Batch 200/4563  Loss 48.7231
2026-04-19 18:50:42  INFO    Epoch 4/20  Batch 250/4563  Loss 57.2554
2026-04-19 18:51:04  INFO    Epoch 4/20  Batch 300/4563  Loss 36.9166
2026-04-19 18:51:26  INFO    Epoch 4/20  Batch 350/4563  Loss 44.3973
2026-04-19 18:51:48  INFO    Epoch 4/20  Batch 400/4563  Loss 41.2122
2026-04-19 18:52:10  INFO    Epoch 4/20  Batch 450/4563  Loss 56.3674
2026-04-19 18:52:32  INFO    Epoch 4/20  Batch 500/4563  Loss 41.8456
2026-04-19 18:52:54  INFO    Epoch 4/20  Batch 550/4563  Loss 58.4757
2026-04-19 18:53:16  INFO    Epoch 4/20  Batch 600/4563  Loss 54.9858
2026-04-19 18:53:38  INFO    Epoch 4/20  Batch 650/4563  Loss 37.7261
2026-04-19 18:54:00  INFO    Epoch 4/20  Batch 700/4563  Loss 39.4803
2026-04-19 18:54:22  INFO    Epoch 4/20  Batch 750/4563  Loss 35.8094
2026-04-19 18:54:44  INFO    Epoch 4/20  Batch 800/4563  Loss 34.6570
2026-04-19 18:55:07  INFO    Epoch 4/20  Batch 850/4563  Loss 44.5563
2026-04-19 18:55:28  INFO    Epoch 4/20  Batch 900/4563  Loss 38.3852
2026-04-19 18:55:51  INFO    Epoch 4/20  Batch 950/4563  Loss 42.6172
2026-04-19 18:56:12  INFO    Epoch 4/20  Batch 1000/4563  Loss 47.1199
2026-04-19 18:56:35  INFO    Epoch 4/20  Batch 1050/4563  Loss 43.3091
2026-04-19 18:56:56  INFO    Epoch 4/20  Batch 1100/4563  Loss 31.4808
2026-04-19 18:57:19  INFO    Epoch 4/20  Batch 1150/4563  Loss 36.8428
2026-04-19 18:57:41  INFO    Epoch 4/20  Batch 1200/4563  Loss 34.7259
2026-04-19 18:58:03  INFO    Epoch 4/20  Batch 1250/4563  Loss 36.5849
2026-04-19 18:58:25  INFO    Epoch 4/20  Batch 1300/4563  Loss 52.8269
2026-04-19 18:58:47  INFO    Epoch 4/20  Batch 1350/4563  Loss 43.1864
2026-04-19 18:59:09  INFO    Epoch 4/20  Batch 1400/4563  Loss 43.3744
2026-04-19 18:59:31  INFO    Epoch 4/20  Batch 1450/4563  Loss 47.6626
2026-04-19 18:59:53  INFO    Epoch 4/20  Batch 1500/4563  Loss 32.4789
2026-04-19 19:00:15  INFO    Epoch 4/20  Batch 1550/4563  Loss 42.6192
2026-04-19 19:00:37  INFO    Epoch 4/20  Batch 1600/4563  Loss 38.1761
2026-04-19 19:00:59  INFO    Epoch 4/20  Batch 1650/4563  Loss 51.5474
2026-04-19 19:01:21  INFO    Epoch 4/20  Batch 1700/4563  Loss 51.9215
2026-04-19 19:01:43  INFO    Epoch 4/20  Batch 1750/4563  Loss 36.5566
2026-04-19 19:02:05  INFO    Epoch 4/20  Batch 1800/4563  Loss 38.2125
2026-04-19 19:02:27  INFO    Epoch 4/20  Batch 1850/4563  Loss 49.2505
2026-04-19 19:02:49  INFO    Epoch 4/20  Batch 1900/4563  Loss 46.6994
2026-04-19 19:03:11  INFO    Epoch 4/20  Batch 1950/4563  Loss 44.6584
2026-04-19 19:03:33  INFO    Epoch 4/20  Batch 2000/4563  Loss 37.9822
2026-04-19 19:03:55  INFO    Epoch 4/20  Batch 2050/4563  Loss 46.1850
2026-04-19 19:04:16  INFO    Epoch 4/20  Batch 2100/4563  Loss 44.8814
2026-04-19 19:04:38  INFO    Epoch 4/20  Batch 2150/4563  Loss 43.8955
2026-04-19 19:05:00  INFO    Epoch 4/20  Batch 2200/4563  Loss 55.2907
2026-04-19 19:05:22  INFO    Epoch 4/20  Batch 2250/4563  Loss 38.3336
2026-04-19 19:05:44  INFO    Epoch 4/20  Batch 2300/4563  Loss 26.5693
2026-04-19 19:06:06  INFO    Epoch 4/20  Batch 2350/4563  Loss 38.4162
2026-04-19 19:06:28  INFO    Epoch 4/20  Batch 2400/4563  Loss 34.7473
2026-04-19 19:06:50  INFO    Epoch 4/20  Batch 2450/4563  Loss 52.5620
2026-04-19 19:07:13  INFO    Epoch 4/20  Batch 2500/4563  Loss 55.9179
2026-04-19 19:07:34  INFO    Epoch 4/20  Batch 2550/4563  Loss 41.7964
2026-04-19 19:07:56  INFO    Epoch 4/20  Batch 2600/4563  Loss 31.7727
2026-04-19 19:08:18  INFO    Epoch 4/20  Batch 2650/4563  Loss 27.3974
2026-04-19 19:08:40  INFO    Epoch 4/20  Batch 2700/4563  Loss 37.8722
2026-04-19 19:09:02  INFO    Epoch 4/20  Batch 2750/4563  Loss 40.7540
2026-04-19 19:09:24  INFO    Epoch 4/20  Batch 2800/4563  Loss 32.4859
2026-04-19 19:09:45  INFO    Epoch 4/20  Batch 2850/4563  Loss 50.5878
2026-04-19 19:10:07  INFO    Epoch 4/20  Batch 2900/4563  Loss 36.8255
2026-04-19 19:10:29  INFO    Epoch 4/20  Batch 2950/4563  Loss 30.5429
2026-04-19 19:10:51  INFO    Epoch 4/20  Batch 3000/4563  Loss 39.3612
2026-04-19 19:11:14  INFO    Epoch 4/20  Batch 3050/4563  Loss 33.4659
2026-04-19 19:11:35  INFO    Epoch 4/20  Batch 3100/4563  Loss 37.7567
2026-04-19 19:11:58  INFO    Epoch 4/20  Batch 3150/4563  Loss 34.3554
2026-04-19 19:12:19  INFO    Epoch 4/20  Batch 3200/4563  Loss 49.2618
2026-04-19 19:12:41  INFO    Epoch 4/20  Batch 3250/4563  Loss 37.2717
2026-04-19 19:13:03  INFO    Epoch 4/20  Batch 3300/4563  Loss 37.0683
2026-04-19 19:13:25  INFO    Epoch 4/20  Batch 3350/4563  Loss 59.1751
2026-04-19 19:13:47  INFO    Epoch 4/20  Batch 3400/4563  Loss 27.0923
2026-04-19 19:14:09  INFO    Epoch 4/20  Batch 3450/4563  Loss 36.0088
2026-04-19 19:14:31  INFO    Epoch 4/20  Batch 3500/4563  Loss 43.1132
2026-04-19 19:14:53  INFO    Epoch 4/20  Batch 3550/4563  Loss 28.5687
2026-04-19 19:15:14  INFO    Epoch 4/20  Batch 3600/4563  Loss 50.0052
2026-04-19 19:15:36  INFO    Epoch 4/20  Batch 3650/4563  Loss 56.9483
2026-04-19 19:15:59  INFO    Epoch 4/20  Batch 3700/4563  Loss 34.0611
2026-04-19 19:16:20  INFO    Epoch 4/20  Batch 3750/4563  Loss 28.1402
2026-04-19 19:16:42  INFO    Epoch 4/20  Batch 3800/4563  Loss 37.8786
2026-04-19 19:17:04  INFO    Epoch 4/20  Batch 3850/4563  Loss 51.6298
2026-04-19 19:17:26  INFO    Epoch 4/20  Batch 3900/4563  Loss 29.2635
2026-04-19 19:17:48  INFO    Epoch 4/20  Batch 3950/4563  Loss 26.9827
2026-04-19 19:18:10  INFO    Epoch 4/20  Batch 4000/4563  Loss 51.1161
2026-04-19 19:18:31  INFO    Epoch 4/20  Batch 4050/4563  Loss 50.4179
2026-04-19 19:18:54  INFO    Epoch 4/20  Batch 4100/4563  Loss 30.9965
2026-04-19 19:19:15  INFO    Epoch 4/20  Batch 4150/4563  Loss 35.5087
2026-04-19 19:19:37  INFO    Epoch 4/20  Batch 4200/4563  Loss 46.3960
2026-04-19 19:19:59  INFO    Epoch 4/20  Batch 4250/4563  Loss 34.1810
2026-04-19 19:20:21  INFO    Epoch 4/20  Batch 4300/4563  Loss 46.1694
2026-04-19 19:20:43  INFO    Epoch 4/20  Batch 4350/4563  Loss 40.5705
2026-04-19 19:21:04  INFO    Epoch 4/20  Batch 4400/4563  Loss 39.8191
2026-04-19 19:21:26  INFO    Epoch 4/20  Batch 4450/4563  Loss 42.3120
2026-04-19 19:21:48  INFO    Epoch 4/20  Batch 4500/4563  Loss 32.5945
2026-04-19 19:22:10  INFO    Epoch 4/20  Batch 4550/4563  Loss 24.4488
2026-04-19 19:29:05  INFO  Epoch 004/20 | Train MAE 10.254 | Val MAE 9.618 | ±3yr 22.5% | ±5yr 35.6% | 2414s
2026-04-19 19:29:05  INFO    ★  New best saved  (val_mae=9.6182)
2026-04-19 19:29:06  INFO    Epoch 5/20  Batch 0/4563  Loss 39.7687
2026-04-19 19:29:28  INFO    Epoch 5/20  Batch 50/4563  Loss 26.2583
2026-04-19 19:29:50  INFO    Epoch 5/20  Batch 100/4563  Loss 55.8096
2026-04-19 19:30:13  INFO    Epoch 5/20  Batch 150/4563  Loss 31.3399
2026-04-19 19:30:34  INFO    Epoch 5/20  Batch 200/4563  Loss 33.7637
2026-04-19 19:30:57  INFO    Epoch 5/20  Batch 250/4563  Loss 39.4247
2026-04-19 19:31:19  INFO    Epoch 5/20  Batch 300/4563  Loss 39.7973
2026-04-19 19:31:41  INFO    Epoch 5/20  Batch 350/4563  Loss 36.7375
2026-04-19 19:32:03  INFO    Epoch 5/20  Batch 400/4563  Loss 36.4001
2026-04-19 19:32:26  INFO    Epoch 5/20  Batch 450/4563  Loss 34.5729
2026-04-19 19:32:48  INFO    Epoch 5/20  Batch 500/4563  Loss 31.7238
2026-04-19 19:33:09  INFO    Epoch 5/20  Batch 550/4563  Loss 31.3822
2026-04-19 19:33:31  INFO    Epoch 5/20  Batch 600/4563  Loss 34.9059
2026-04-19 19:33:54  INFO    Epoch 5/20  Batch 650/4563  Loss 40.4019
2026-04-19 19:34:16  INFO    Epoch 5/20  Batch 700/4563  Loss 35.6844
2026-04-19 19:34:37  INFO    Epoch 5/20  Batch 750/4563  Loss 40.2857
2026-04-19 19:35:00  INFO    Epoch 5/20  Batch 800/4563  Loss 38.0977
2026-04-19 19:35:22  INFO    Epoch 5/20  Batch 850/4563  Loss 29.6558
2026-04-19 19:35:44  INFO    Epoch 5/20  Batch 900/4563  Loss 34.8015
2026-04-19 19:36:07  INFO    Epoch 5/20  Batch 950/4563  Loss 37.9538
2026-04-19 19:36:28  INFO    Epoch 5/20  Batch 1000/4563  Loss 33.0947
2026-04-19 19:36:50  INFO    Epoch 5/20  Batch 1050/4563  Loss 43.8192
2026-04-19 19:37:11  INFO    Epoch 5/20  Batch 1100/4563  Loss 41.4037
2026-04-19 19:37:33  INFO    Epoch 5/20  Batch 1150/4563  Loss 27.3676
2026-04-19 19:37:55  INFO    Epoch 5/20  Batch 1200/4563  Loss 31.6281
2026-04-19 19:38:17  INFO    Epoch 5/20  Batch 1250/4563  Loss 32.2979
2026-04-19 19:38:39  INFO    Epoch 5/20  Batch 1300/4563  Loss 44.0666
2026-04-19 19:39:01  INFO    Epoch 5/20  Batch 1350/4563  Loss 24.3583
2026-04-19 19:39:23  INFO    Epoch 5/20  Batch 1400/4563  Loss 41.2256
2026-04-19 19:39:45  INFO    Epoch 5/20  Batch 1450/4563  Loss 42.1585
2026-04-19 19:40:06  INFO    Epoch 5/20  Batch 1500/4563  Loss 30.5004
2026-04-19 19:40:28  INFO    Epoch 5/20  Batch 1550/4563  Loss 26.1363
2026-04-19 19:40:50  INFO    Epoch 5/20  Batch 1600/4563  Loss 44.9580
2026-04-19 19:41:12  INFO    Epoch 5/20  Batch 1650/4563  Loss 38.5452
2026-04-19 19:41:34  INFO    Epoch 5/20  Batch 1700/4563  Loss 25.9832
2026-04-19 19:41:56  INFO    Epoch 5/20  Batch 1750/4563  Loss 48.0212
2026-04-19 19:42:18  INFO    Epoch 5/20  Batch 1800/4563  Loss 30.5316
2026-04-19 19:42:40  INFO    Epoch 5/20  Batch 1850/4563  Loss 36.2897
2026-04-19 19:43:02  INFO    Epoch 5/20  Batch 1900/4563  Loss 33.2524
2026-04-19 19:43:24  INFO    Epoch 5/20  Batch 1950/4563  Loss 30.7267
2026-04-19 19:43:46  INFO    Epoch 5/20  Batch 2000/4563  Loss 23.8975
2026-04-19 19:44:08  INFO    Epoch 5/20  Batch 2050/4563  Loss 26.7979
2026-04-19 19:44:30  INFO    Epoch 5/20  Batch 2100/4563  Loss 39.2139
2026-04-19 19:44:52  INFO    Epoch 5/20  Batch 2150/4563  Loss 27.4852
2026-04-19 19:45:13  INFO    Epoch 5/20  Batch 2200/4563  Loss 31.3415
2026-04-19 19:45:35  INFO    Epoch 5/20  Batch 2250/4563  Loss 38.2447
2026-04-19 19:45:56  INFO    Epoch 5/20  Batch 2300/4563  Loss 35.2030
2026-04-19 19:46:18  INFO    Epoch 5/20  Batch 2350/4563  Loss 35.6421
2026-04-19 19:46:40  INFO    Epoch 5/20  Batch 2400/4563  Loss 46.9167
2026-04-19 19:47:03  INFO    Epoch 5/20  Batch 2450/4563  Loss 52.2852
2026-04-19 19:47:25  INFO    Epoch 5/20  Batch 2500/4563  Loss 31.1636
2026-04-19 19:47:46  INFO    Epoch 5/20  Batch 2550/4563  Loss 37.2445
2026-04-19 19:48:08  INFO    Epoch 5/20  Batch 2600/4563  Loss 34.0989
2026-04-19 19:48:30  INFO    Epoch 5/20  Batch 2650/4563  Loss 36.4565
2026-04-19 19:48:52  INFO    Epoch 5/20  Batch 2700/4563  Loss 44.8359
2026-04-19 19:49:14  INFO    Epoch 5/20  Batch 2750/4563  Loss 31.2218
2026-04-19 19:49:36  INFO    Epoch 5/20  Batch 2800/4563  Loss 35.7508
2026-04-19 19:49:58  INFO    Epoch 5/20  Batch 2850/4563  Loss 35.4818
2026-04-19 19:50:20  INFO    Epoch 5/20  Batch 2900/4563  Loss 42.2315
2026-04-19 19:50:43  INFO    Epoch 5/20  Batch 2950/4563  Loss 41.2188
2026-04-19 19:51:04  INFO    Epoch 5/20  Batch 3000/4563  Loss 25.3382
2026-04-19 19:51:26  INFO    Epoch 5/20  Batch 3050/4563  Loss 27.8554
2026-04-19 19:51:48  INFO    Epoch 5/20  Batch 3100/4563  Loss 49.1518
2026-04-19 19:52:10  INFO    Epoch 5/20  Batch 3150/4563  Loss 46.8608
2026-04-19 19:52:32  INFO    Epoch 5/20  Batch 3200/4563  Loss 47.3841
2026-04-19 19:52:54  INFO    Epoch 5/20  Batch 3250/4563  Loss 21.2869
2026-04-19 19:53:15  INFO    Epoch 5/20  Batch 3300/4563  Loss 21.8078
2026-04-19 19:53:37  INFO    Epoch 5/20  Batch 3350/4563  Loss 36.3682
2026-04-19 19:53:59  INFO    Epoch 5/20  Batch 3400/4563  Loss 24.3037
2026-04-19 19:54:20  INFO    Epoch 5/20  Batch 3450/4563  Loss 24.8936
2026-04-19 19:54:42  INFO    Epoch 5/20  Batch 3500/4563  Loss 29.0476
2026-04-19 19:55:04  INFO    Epoch 5/20  Batch 3550/4563  Loss 22.9746
2026-04-19 19:55:26  INFO    Epoch 5/20  Batch 3600/4563  Loss 33.9583
2026-04-19 19:55:47  INFO    Epoch 5/20  Batch 3650/4563  Loss 30.9493
2026-04-19 19:56:10  INFO    Epoch 5/20  Batch 3700/4563  Loss 33.0852
2026-04-19 19:56:31  INFO    Epoch 5/20  Batch 3750/4563  Loss 37.8015
2026-04-19 19:56:53  INFO    Epoch 5/20  Batch 3800/4563  Loss 32.4530
2026-04-19 19:57:15  INFO    Epoch 5/20  Batch 3850/4563  Loss 37.9345
2026-04-19 19:57:38  INFO    Epoch 5/20  Batch 3900/4563  Loss 34.3870
2026-04-19 19:58:00  INFO    Epoch 5/20  Batch 3950/4563  Loss 27.5997
2026-04-19 19:58:21  INFO    Epoch 5/20  Batch 4000/4563  Loss 33.7680
2026-04-19 19:58:44  INFO    Epoch 5/20  Batch 4050/4563  Loss 38.8312
2026-04-19 19:59:06  INFO    Epoch 5/20  Batch 4100/4563  Loss 59.6236
2026-04-19 19:59:28  INFO    Epoch 5/20  Batch 4150/4563  Loss 40.2965
2026-04-19 19:59:49  INFO    Epoch 5/20  Batch 4200/4563  Loss 43.7284
2026-04-19 20:00:12  INFO    Epoch 5/20  Batch 4250/4563  Loss 35.4443
2026-04-19 20:00:34  INFO    Epoch 5/20  Batch 4300/4563  Loss 32.2256
2026-04-19 20:00:55  INFO    Epoch 5/20  Batch 4350/4563  Loss 27.4708
2026-04-19 20:01:17  INFO    Epoch 5/20  Batch 4400/4563  Loss 30.2842
2026-04-19 20:01:38  INFO    Epoch 5/20  Batch 4450/4563  Loss 36.8299
2026-04-19 20:02:00  INFO    Epoch 5/20  Batch 4500/4563  Loss 33.6425
2026-04-19 20:02:22  INFO    Epoch 5/20  Batch 4550/4563  Loss 43.2196
2026-04-19 20:09:21  INFO  Epoch 005/20 | Train MAE 9.098 | Val MAE 9.140 | ±3yr 23.9% | ±5yr 37.6% | 2416s
2026-04-19 20:09:21  INFO    ★  New best saved  (val_mae=9.1402)
2026-04-19 20:09:23  INFO    Epoch 6/20  Batch 0/4563  Loss 52.4374
2026-04-19 20:09:45  INFO    Epoch 6/20  Batch 50/4563  Loss 37.0837
2026-04-19 20:10:06  INFO    Epoch 6/20  Batch 100/4563  Loss 38.5315
2026-04-19 20:10:29  INFO    Epoch 6/20  Batch 150/4563  Loss 28.9788
2026-04-19 20:10:51  INFO    Epoch 6/20  Batch 200/4563  Loss 34.5148
2026-04-19 20:11:13  INFO    Epoch 6/20  Batch 250/4563  Loss 19.8349
2026-04-19 20:11:35  INFO    Epoch 6/20  Batch 300/4563  Loss 36.4460
2026-04-19 20:11:57  INFO    Epoch 6/20  Batch 350/4563  Loss 39.3291
2026-04-19 20:12:19  INFO    Epoch 6/20  Batch 400/4563  Loss 34.0322
2026-04-19 20:12:41  INFO    Epoch 6/20  Batch 450/4563  Loss 37.5067
2026-04-19 20:13:04  INFO    Epoch 6/20  Batch 500/4563  Loss 31.1175
2026-04-19 20:13:26  INFO    Epoch 6/20  Batch 550/4563  Loss 37.1891
2026-04-19 20:13:48  INFO    Epoch 6/20  Batch 600/4563  Loss 43.3411
2026-04-19 20:14:10  INFO    Epoch 6/20  Batch 650/4563  Loss 41.2462
2026-04-19 20:14:33  INFO    Epoch 6/20  Batch 700/4563  Loss 33.3360
2026-04-19 20:14:55  INFO    Epoch 6/20  Batch 750/4563  Loss 24.9105
2026-04-19 20:15:17  INFO    Epoch 6/20  Batch 800/4563  Loss 42.2259
2026-04-19 20:15:40  INFO    Epoch 6/20  Batch 850/4563  Loss 40.9121
2026-04-19 20:16:02  INFO    Epoch 6/20  Batch 900/4563  Loss 35.7206
2026-04-19 20:16:24  INFO    Epoch 6/20  Batch 950/4563  Loss 45.1129
2026-04-19 20:16:46  INFO    Epoch 6/20  Batch 1000/4563  Loss 25.3847
2026-04-19 20:17:09  INFO    Epoch 6/20  Batch 1050/4563  Loss 34.2651
2026-04-19 20:17:30  INFO    Epoch 6/20  Batch 1100/4563  Loss 41.7271
2026-04-19 20:17:52  INFO    Epoch 6/20  Batch 1150/4563  Loss 29.9641
2026-04-19 20:18:14  INFO    Epoch 6/20  Batch 1200/4563  Loss 27.2992
2026-04-19 20:18:37  INFO    Epoch 6/20  Batch 1250/4563  Loss 27.7885
2026-04-19 20:18:59  INFO    Epoch 6/20  Batch 1300/4563  Loss 32.4688
2026-04-19 20:19:22  INFO    Epoch 6/20  Batch 1350/4563  Loss 34.7667
2026-04-19 20:19:44  INFO    Epoch 6/20  Batch 1400/4563  Loss 36.2774
2026-04-19 20:20:07  INFO    Epoch 6/20  Batch 1450/4563  Loss 33.4923
2026-04-19 20:20:29  INFO    Epoch 6/20  Batch 1500/4563  Loss 41.7812
2026-04-19 20:20:51  INFO    Epoch 6/20  Batch 1550/4563  Loss 25.2547
2026-04-19 20:21:13  INFO    Epoch 6/20  Batch 1600/4563  Loss 32.5091
2026-04-19 20:21:35  INFO    Epoch 6/20  Batch 1650/4563  Loss 30.4791
2026-04-19 20:21:56  INFO    Epoch 6/20  Batch 1700/4563  Loss 35.4472
2026-04-19 20:22:19  INFO    Epoch 6/20  Batch 1750/4563  Loss 33.9765
2026-04-19 20:22:40  INFO    Epoch 6/20  Batch 1800/4563  Loss 23.8585
2026-04-19 20:23:02  INFO    Epoch 6/20  Batch 1850/4563  Loss 23.8789
2026-04-19 20:23:25  INFO    Epoch 6/20  Batch 1900/4563  Loss 24.9156
2026-04-19 20:23:48  INFO    Epoch 6/20  Batch 1950/4563  Loss 25.9371
2026-04-19 20:24:09  INFO    Epoch 6/20  Batch 2000/4563  Loss 26.5498
2026-04-19 20:24:31  INFO    Epoch 6/20  Batch 2050/4563  Loss 31.5530
2026-04-19 20:24:53  INFO    Epoch 6/20  Batch 2100/4563  Loss 31.2355
2026-04-19 20:25:15  INFO    Epoch 6/20  Batch 2150/4563  Loss 33.2903
2026-04-19 20:25:37  INFO    Epoch 6/20  Batch 2200/4563  Loss 34.9774
2026-04-19 20:25:59  INFO    Epoch 6/20  Batch 2250/4563  Loss 46.2334
2026-04-19 20:26:21  INFO    Epoch 6/20  Batch 2300/4563  Loss 41.6066
2026-04-19 20:26:44  INFO    Epoch 6/20  Batch 2350/4563  Loss 28.5793
2026-04-19 20:27:05  INFO    Epoch 6/20  Batch 2400/4563  Loss 34.4991
2026-04-19 20:27:28  INFO    Epoch 6/20  Batch 2450/4563  Loss 25.9991
2026-04-19 20:27:50  INFO    Epoch 6/20  Batch 2500/4563  Loss 32.0615
2026-04-19 20:28:13  INFO    Epoch 6/20  Batch 2550/4563  Loss 33.1648
2026-04-19 20:28:34  INFO    Epoch 6/20  Batch 2600/4563  Loss 45.1075
2026-04-19 20:28:57  INFO    Epoch 6/20  Batch 2650/4563  Loss 27.7998
2026-04-19 20:29:19  INFO    Epoch 6/20  Batch 2700/4563  Loss 33.7589
2026-04-19 20:29:41  INFO    Epoch 6/20  Batch 2750/4563  Loss 34.4553
2026-04-19 20:30:02  INFO    Epoch 6/20  Batch 2800/4563  Loss 31.2389
2026-04-19 20:30:24  INFO    Epoch 6/20  Batch 2850/4563  Loss 31.2204
2026-04-19 20:30:47  INFO    Epoch 6/20  Batch 2900/4563  Loss 28.8640
2026-04-19 20:31:09  INFO    Epoch 6/20  Batch 2950/4563  Loss 39.9131
2026-04-19 20:31:30  INFO    Epoch 6/20  Batch 3000/4563  Loss 25.9255
2026-04-19 20:31:52  INFO    Epoch 6/20  Batch 3050/4563  Loss 24.2876
2026-04-19 20:32:15  INFO    Epoch 6/20  Batch 3100/4563  Loss 22.9423
2026-04-19 20:32:38  INFO    Epoch 6/20  Batch 3150/4563  Loss 30.7686
2026-04-19 20:33:00  INFO    Epoch 6/20  Batch 3200/4563  Loss 41.8149
2026-04-19 20:33:22  INFO    Epoch 6/20  Batch 3250/4563  Loss 28.9134
2026-04-19 20:33:44  INFO    Epoch 6/20  Batch 3300/4563  Loss 24.8871
2026-04-19 20:34:06  INFO    Epoch 6/20  Batch 3350/4563  Loss 37.5277
2026-04-19 20:34:28  INFO    Epoch 6/20  Batch 3400/4563  Loss 29.8347
2026-04-19 20:34:50  INFO    Epoch 6/20  Batch 3450/4563  Loss 28.7397
2026-04-19 20:35:12  INFO    Epoch 6/20  Batch 3500/4563  Loss 35.3393
2026-04-19 20:35:35  INFO    Epoch 6/20  Batch 3550/4563  Loss 23.6599
2026-04-19 20:35:57  INFO    Epoch 6/20  Batch 3600/4563  Loss 41.7547
2026-04-19 20:36:19  INFO    Epoch 6/20  Batch 3650/4563  Loss 33.6804
2026-04-19 20:36:41  INFO    Epoch 6/20  Batch 3700/4563  Loss 29.5975
2026-04-19 20:37:03  INFO    Epoch 6/20  Batch 3750/4563  Loss 35.3426
2026-04-19 20:37:25  INFO    Epoch 6/20  Batch 3800/4563  Loss 19.0469
2026-04-19 20:37:47  INFO    Epoch 6/20  Batch 3850/4563  Loss 30.5930
2026-04-19 20:38:09  INFO    Epoch 6/20  Batch 3900/4563  Loss 30.0093
2026-04-19 20:38:31  INFO    Epoch 6/20  Batch 3950/4563  Loss 41.4437
2026-04-19 20:38:54  INFO    Epoch 6/20  Batch 4000/4563  Loss 30.2715
2026-04-19 20:39:16  INFO    Epoch 6/20  Batch 4050/4563  Loss 27.3378
2026-04-19 20:39:38  INFO    Epoch 6/20  Batch 4100/4563  Loss 23.7979
2026-04-19 20:40:00  INFO    Epoch 6/20  Batch 4150/4563  Loss 34.9376
2026-04-19 20:40:23  INFO    Epoch 6/20  Batch 4200/4563  Loss 33.8634
2026-04-19 20:40:45  INFO    Epoch 6/20  Batch 4250/4563  Loss 34.2402
2026-04-19 20:41:07  INFO    Epoch 6/20  Batch 4300/4563  Loss 25.7593
2026-04-19 20:41:30  INFO    Epoch 6/20  Batch 4350/4563  Loss 28.9849
2026-04-19 20:41:51  INFO    Epoch 6/20  Batch 4400/4563  Loss 35.8229
2026-04-19 20:42:13  INFO    Epoch 6/20  Batch 4450/4563  Loss 35.6010
2026-04-19 20:42:35  INFO    Epoch 6/20  Batch 4500/4563  Loss 45.7668
2026-04-19 20:42:58  INFO    Epoch 6/20  Batch 4550/4563  Loss 27.2792
2026-04-19 20:49:51  INFO  Epoch 006/20 | Train MAE 8.446 | Val MAE 8.643 | ±3yr 25.0% | ±5yr 39.3% | 2429s
2026-04-19 20:49:52  INFO    ★  New best saved  (val_mae=8.6431)
2026-04-19 20:49:53  INFO    Epoch 7/20  Batch 0/4563  Loss 37.9071
2026-04-19 20:50:15  INFO    Epoch 7/20  Batch 50/4563  Loss 42.8607
2026-04-19 20:50:37  INFO    Epoch 7/20  Batch 100/4563  Loss 32.6192
2026-04-19 20:50:59  INFO    Epoch 7/20  Batch 150/4563  Loss 33.7430
2026-04-19 20:51:21  INFO    Epoch 7/20  Batch 200/4563  Loss 29.7663
2026-04-19 20:51:43  INFO    Epoch 7/20  Batch 250/4563  Loss 19.3430
2026-04-19 20:52:05  INFO    Epoch 7/20  Batch 300/4563  Loss 24.6771
2026-04-19 20:52:27  INFO    Epoch 7/20  Batch 350/4563  Loss 24.0789
2026-04-19 20:52:49  INFO    Epoch 7/20  Batch 400/4563  Loss 29.6759
2026-04-19 20:53:11  INFO    Epoch 7/20  Batch 450/4563  Loss 32.5674
2026-04-19 20:53:33  INFO    Epoch 7/20  Batch 500/4563  Loss 27.6732
2026-04-19 20:53:55  INFO    Epoch 7/20  Batch 550/4563  Loss 24.9950
2026-04-19 20:54:17  INFO    Epoch 7/20  Batch 600/4563  Loss 22.5991
2026-04-19 20:54:39  INFO    Epoch 7/20  Batch 650/4563  Loss 21.8097
2026-04-19 20:55:01  INFO    Epoch 7/20  Batch 700/4563  Loss 45.3917
2026-04-19 20:55:23  INFO    Epoch 7/20  Batch 750/4563  Loss 38.6024
2026-04-19 20:55:45  INFO    Epoch 7/20  Batch 800/4563  Loss 38.8209
2026-04-19 20:56:06  INFO    Epoch 7/20  Batch 850/4563  Loss 31.5632
2026-04-19 20:56:29  INFO    Epoch 7/20  Batch 900/4563  Loss 20.6741
2026-04-19 20:56:51  INFO    Epoch 7/20  Batch 950/4563  Loss 35.3323
2026-04-19 20:57:14  INFO    Epoch 7/20  Batch 1000/4563  Loss 40.9806
2026-04-19 20:57:36  INFO    Epoch 7/20  Batch 1050/4563  Loss 33.4796
2026-04-19 20:57:57  INFO    Epoch 7/20  Batch 1100/4563  Loss 40.0852
2026-04-19 20:58:19  INFO    Epoch 7/20  Batch 1150/4563  Loss 34.5162
2026-04-19 20:58:41  INFO    Epoch 7/20  Batch 1200/4563  Loss 27.0123
2026-04-19 20:59:03  INFO    Epoch 7/20  Batch 1250/4563  Loss 46.9383
2026-04-19 20:59:25  INFO    Epoch 7/20  Batch 1300/4563  Loss 32.2448
2026-04-19 20:59:47  INFO    Epoch 7/20  Batch 1350/4563  Loss 29.6195
2026-04-19 21:00:09  INFO    Epoch 7/20  Batch 1400/4563  Loss 22.5384
2026-04-19 21:00:31  INFO    Epoch 7/20  Batch 1450/4563  Loss 30.2771
2026-04-19 21:00:52  INFO    Epoch 7/20  Batch 1500/4563  Loss 33.0480
2026-04-19 21:01:14  INFO    Epoch 7/20  Batch 1550/4563  Loss 36.9629
2026-04-19 21:01:36  INFO    Epoch 7/20  Batch 1600/4563  Loss 44.1327
2026-04-19 21:01:58  INFO    Epoch 7/20  Batch 1650/4563  Loss 28.9722
2026-04-19 21:02:20  INFO    Epoch 7/20  Batch 1700/4563  Loss 25.7385
2026-04-19 21:02:42  INFO    Epoch 7/20  Batch 1750/4563  Loss 30.3896
2026-04-19 21:03:04  INFO    Epoch 7/20  Batch 1800/4563  Loss 36.3695
2026-04-19 21:03:26  INFO    Epoch 7/20  Batch 1850/4563  Loss 30.6127
2026-04-19 21:03:48  INFO    Epoch 7/20  Batch 1900/4563  Loss 30.8046
2026-04-19 21:04:10  INFO    Epoch 7/20  Batch 1950/4563  Loss 22.0267
2026-04-19 21:04:32  INFO    Epoch 7/20  Batch 2000/4563  Loss 28.2934
2026-04-19 21:04:54  INFO    Epoch 7/20  Batch 2050/4563  Loss 25.4616
2026-04-19 21:05:16  INFO    Epoch 7/20  Batch 2100/4563  Loss 29.1741
2026-04-19 21:05:38  INFO    Epoch 7/20  Batch 2150/4563  Loss 38.8943
2026-04-19 21:06:00  INFO    Epoch 7/20  Batch 2200/4563  Loss 22.6846
2026-04-19 21:06:22  INFO    Epoch 7/20  Batch 2250/4563  Loss 24.9443
2026-04-19 21:06:44  INFO    Epoch 7/20  Batch 2300/4563  Loss 33.7827
2026-04-19 21:07:06  INFO    Epoch 7/20  Batch 2350/4563  Loss 21.3577
2026-04-19 21:07:27  INFO    Epoch 7/20  Batch 2400/4563  Loss 24.8469
2026-04-19 21:07:50  INFO    Epoch 7/20  Batch 2450/4563  Loss 26.4166
2026-04-19 21:08:12  INFO    Epoch 7/20  Batch 2500/4563  Loss 28.9850
2026-04-19 21:08:34  INFO    Epoch 7/20  Batch 2550/4563  Loss 39.6245
2026-04-19 21:08:56  INFO    Epoch 7/20  Batch 2600/4563  Loss 21.2922
2026-04-19 21:09:18  INFO    Epoch 7/20  Batch 2650/4563  Loss 29.3746
2026-04-19 21:09:40  INFO    Epoch 7/20  Batch 2700/4563  Loss 24.0083
2026-04-19 21:10:02  INFO    Epoch 7/20  Batch 2750/4563  Loss 31.8873
2026-04-19 21:10:24  INFO    Epoch 7/20  Batch 2800/4563  Loss 33.2417
2026-04-19 21:10:46  INFO    Epoch 7/20  Batch 2850/4563  Loss 18.5679
2026-04-19 21:11:08  INFO    Epoch 7/20  Batch 2900/4563  Loss 27.5504
2026-04-19 21:11:31  INFO    Epoch 7/20  Batch 2950/4563  Loss 28.7524
2026-04-19 21:11:53  INFO    Epoch 7/20  Batch 3000/4563  Loss 37.9824
2026-04-19 21:12:15  INFO    Epoch 7/20  Batch 3050/4563  Loss 28.1628
2026-04-19 21:12:37  INFO    Epoch 7/20  Batch 3100/4563  Loss 32.2410
2026-04-19 21:13:00  INFO    Epoch 7/20  Batch 3150/4563  Loss 26.7204
2026-04-19 21:13:22  INFO    Epoch 7/20  Batch 3200/4563  Loss 34.9305
2026-04-19 21:13:44  INFO    Epoch 7/20  Batch 3250/4563  Loss 36.4265
2026-04-19 21:14:07  INFO    Epoch 7/20  Batch 3300/4563  Loss 25.6457
2026-04-19 21:14:28  INFO    Epoch 7/20  Batch 3350/4563  Loss 26.3243
2026-04-19 21:14:51  INFO    Epoch 7/20  Batch 3400/4563  Loss 30.1872
2026-04-19 21:15:13  INFO    Epoch 7/20  Batch 3450/4563  Loss 28.6216
2026-04-19 21:15:35  INFO    Epoch 7/20  Batch 3500/4563  Loss 26.5766
2026-04-19 21:15:57  INFO    Epoch 7/20  Batch 3550/4563  Loss 38.4764
2026-04-19 21:16:19  INFO    Epoch 7/20  Batch 3600/4563  Loss 29.8005
2026-04-19 21:16:41  INFO    Epoch 7/20  Batch 3650/4563  Loss 30.8996
2026-04-19 21:17:03  INFO    Epoch 7/20  Batch 3700/4563  Loss 21.3116
2026-04-19 21:17:25  INFO    Epoch 7/20  Batch 3750/4563  Loss 31.5157
2026-04-19 21:17:48  INFO    Epoch 7/20  Batch 3800/4563  Loss 27.2083
2026-04-19 21:18:10  INFO    Epoch 7/20  Batch 3850/4563  Loss 26.1050
2026-04-19 21:18:32  INFO    Epoch 7/20  Batch 3900/4563  Loss 34.4681
2026-04-19 21:18:54  INFO    Epoch 7/20  Batch 3950/4563  Loss 31.8543
2026-04-19 21:19:16  INFO    Epoch 7/20  Batch 4000/4563  Loss 36.5983
2026-04-19 21:19:38  INFO    Epoch 7/20  Batch 4050/4563  Loss 33.9532
2026-04-19 21:20:00  INFO    Epoch 7/20  Batch 4100/4563  Loss 23.6912
2026-04-19 21:20:22  INFO    Epoch 7/20  Batch 4150/4563  Loss 32.0825
2026-04-19 21:20:44  INFO    Epoch 7/20  Batch 4200/4563  Loss 26.5162
2026-04-19 21:21:07  INFO    Epoch 7/20  Batch 4250/4563  Loss 33.9667
2026-04-19 21:21:29  INFO    Epoch 7/20  Batch 4300/4563  Loss 24.2576
2026-04-19 21:21:51  INFO    Epoch 7/20  Batch 4350/4563  Loss 42.8966
2026-04-19 21:22:12  INFO    Epoch 7/20  Batch 4400/4563  Loss 18.2495
2026-04-19 21:22:34  INFO    Epoch 7/20  Batch 4450/4563  Loss 18.8988
2026-04-19 21:22:56  INFO    Epoch 7/20  Batch 4500/4563  Loss 24.7688
2026-04-19 21:23:18  INFO    Epoch 7/20  Batch 4550/4563  Loss 27.1708
2026-04-19 21:30:16  INFO  Epoch 007/20 | Train MAE 7.977 | Val MAE 8.574 | ±3yr 25.1% | ±5yr 39.8% | 2424s
2026-04-19 21:30:17  INFO    ★  New best saved  (val_mae=8.5745)
2026-04-19 21:30:17  INFO  Stage 3: entire backbone unfrozen.
2026-04-19 21:30:19  INFO    Epoch 8/20  Batch 0/4563  Loss 32.0124
2026-04-19 21:30:48  INFO    Epoch 8/20  Batch 50/4563  Loss 31.4366
2026-04-19 21:31:17  INFO    Epoch 8/20  Batch 100/4563  Loss 26.4434
2026-04-19 21:31:46  INFO    Epoch 8/20  Batch 150/4563  Loss 23.2795
2026-04-19 21:32:15  INFO    Epoch 8/20  Batch 200/4563  Loss 29.0098
2026-04-19 21:32:44  INFO    Epoch 8/20  Batch 250/4563  Loss 25.1492
2026-04-19 21:33:14  INFO    Epoch 8/20  Batch 300/4563  Loss 31.8498
2026-04-19 21:33:43  INFO    Epoch 8/20  Batch 350/4563  Loss 39.7939
2026-04-19 21:34:12  INFO    Epoch 8/20  Batch 400/4563  Loss 26.8606
2026-04-19 21:34:41  INFO    Epoch 8/20  Batch 450/4563  Loss 22.5510
2026-04-19 21:35:10  INFO    Epoch 8/20  Batch 500/4563  Loss 30.4444
2026-04-19 21:35:39  INFO    Epoch 8/20  Batch 550/4563  Loss 26.0943
2026-04-19 21:36:08  INFO    Epoch 8/20  Batch 600/4563  Loss 22.6894
2026-04-19 21:36:37  INFO    Epoch 8/20  Batch 650/4563  Loss 34.1921
2026-04-19 21:37:07  INFO    Epoch 8/20  Batch 700/4563  Loss 32.0042
2026-04-19 21:37:36  INFO    Epoch 8/20  Batch 750/4563  Loss 33.9887
2026-04-19 21:38:05  INFO    Epoch 8/20  Batch 800/4563  Loss 23.3120
2026-04-19 21:38:34  INFO    Epoch 8/20  Batch 850/4563  Loss 28.1806
2026-04-19 21:39:03  INFO    Epoch 8/20  Batch 900/4563  Loss 43.0622
2026-04-19 21:39:32  INFO    Epoch 8/20  Batch 950/4563  Loss 27.4278
2026-04-19 21:40:01  INFO    Epoch 8/20  Batch 1000/4563  Loss 40.1747
2026-04-19 21:40:31  INFO    Epoch 8/20  Batch 1050/4563  Loss 29.6360
2026-04-19 21:41:00  INFO    Epoch 8/20  Batch 1100/4563  Loss 32.7745
2026-04-19 21:41:29  INFO    Epoch 8/20  Batch 1150/4563  Loss 35.6935
2026-04-19 21:41:58  INFO    Epoch 8/20  Batch 1200/4563  Loss 25.9222
2026-04-19 21:42:27  INFO    Epoch 8/20  Batch 1250/4563  Loss 19.3942
2026-04-19 21:42:56  INFO    Epoch 8/20  Batch 1300/4563  Loss 28.2974
2026-04-19 21:43:25  INFO    Epoch 8/20  Batch 1350/4563  Loss 25.8398
2026-04-19 21:43:54  INFO    Epoch 8/20  Batch 1400/4563  Loss 24.7025
2026-04-19 21:44:24  INFO    Epoch 8/20  Batch 1450/4563  Loss 28.2191
2026-04-19 21:44:53  INFO    Epoch 8/20  Batch 1500/4563  Loss 30.9431
2026-04-19 21:45:22  INFO    Epoch 8/20  Batch 1550/4563  Loss 15.6870
2026-04-19 21:45:51  INFO    Epoch 8/20  Batch 1600/4563  Loss 24.3027
2026-04-19 21:46:20  INFO    Epoch 8/20  Batch 1650/4563  Loss 22.1508
2026-04-19 21:46:49  INFO    Epoch 8/20  Batch 1700/4563  Loss 26.1558
2026-04-19 21:47:18  INFO    Epoch 8/20  Batch 1750/4563  Loss 30.9137
2026-04-19 21:47:47  INFO    Epoch 8/20  Batch 1800/4563  Loss 26.1946
2026-04-19 21:48:16  INFO    Epoch 8/20  Batch 1850/4563  Loss 39.8248
2026-04-19 21:48:46  INFO    Epoch 8/20  Batch 1900/4563  Loss 27.0956
2026-04-19 21:49:15  INFO    Epoch 8/20  Batch 1950/4563  Loss 35.2787
2026-04-19 21:49:44  INFO    Epoch 8/20  Batch 2000/4563  Loss 29.1369
2026-04-19 21:50:13  INFO    Epoch 8/20  Batch 2050/4563  Loss 26.7188
2026-04-19 21:50:42  INFO    Epoch 8/20  Batch 2100/4563  Loss 20.5529
2026-04-19 21:51:11  INFO    Epoch 8/20  Batch 2150/4563  Loss 26.8198
2026-04-19 21:51:40  INFO    Epoch 8/20  Batch 2200/4563  Loss 18.8827
2026-04-19 21:52:09  INFO    Epoch 8/20  Batch 2250/4563  Loss 20.8618
2026-04-19 21:52:38  INFO    Epoch 8/20  Batch 2300/4563  Loss 24.3435
2026-04-19 21:53:08  INFO    Epoch 8/20  Batch 2350/4563  Loss 30.7617
2026-04-19 21:53:37  INFO    Epoch 8/20  Batch 2400/4563  Loss 25.5610
2026-04-19 21:54:06  INFO    Epoch 8/20  Batch 2450/4563  Loss 31.7075
2026-04-19 21:54:35  INFO    Epoch 8/20  Batch 2500/4563  Loss 20.4742
2026-04-19 21:55:04  INFO    Epoch 8/20  Batch 2550/4563  Loss 18.4637
2026-04-19 21:55:33  INFO    Epoch 8/20  Batch 2600/4563  Loss 22.0129
2026-04-19 21:56:02  INFO    Epoch 8/20  Batch 2650/4563  Loss 25.2770
2026-04-19 21:56:31  INFO    Epoch 8/20  Batch 2700/4563  Loss 25.6905
2026-04-19 21:57:00  INFO    Epoch 8/20  Batch 2750/4563  Loss 30.8413
2026-04-19 21:57:29  INFO    Epoch 8/20  Batch 2800/4563  Loss 27.8362
2026-04-19 21:57:59  INFO    Epoch 8/20  Batch 2850/4563  Loss 20.6261
2026-04-19 21:58:28  INFO    Epoch 8/20  Batch 2900/4563  Loss 35.3474
2026-04-19 21:58:57  INFO    Epoch 8/20  Batch 2950/4563  Loss 28.4871
2026-04-19 21:59:26  INFO    Epoch 8/20  Batch 3000/4563  Loss 30.1491
2026-04-19 21:59:55  INFO    Epoch 8/20  Batch 3050/4563  Loss 34.3377
2026-04-19 22:00:24  INFO    Epoch 8/20  Batch 3100/4563  Loss 30.7767
2026-04-19 22:00:53  INFO    Epoch 8/20  Batch 3150/4563  Loss 36.3823
2026-04-19 22:01:22  INFO    Epoch 8/20  Batch 3200/4563  Loss 25.8248
2026-04-19 22:01:51  INFO    Epoch 8/20  Batch 3250/4563  Loss 21.6842
2026-04-19 22:02:20  INFO    Epoch 8/20  Batch 3300/4563  Loss 26.2983
2026-04-19 22:02:50  INFO    Epoch 8/20  Batch 3350/4563  Loss 30.1598
2026-04-19 22:03:19  INFO    Epoch 8/20  Batch 3400/4563  Loss 24.2815
2026-04-19 22:03:48  INFO    Epoch 8/20  Batch 3450/4563  Loss 36.3714
2026-04-19 22:04:17  INFO    Epoch 8/20  Batch 3500/4563  Loss 18.3475
2026-04-19 22:04:46  INFO    Epoch 8/20  Batch 3550/4563  Loss 23.7293
2026-04-19 22:05:15  INFO    Epoch 8/20  Batch 3600/4563  Loss 34.6289
2026-04-19 22:05:44  INFO    Epoch 8/20  Batch 3650/4563  Loss 37.4576
2026-04-19 22:06:14  INFO    Epoch 8/20  Batch 3700/4563  Loss 33.2069
2026-04-19 22:06:43  INFO    Epoch 8/20  Batch 3750/4563  Loss 26.3632
2026-04-19 22:07:12  INFO    Epoch 8/20  Batch 3800/4563  Loss 25.9987
2026-04-19 22:07:41  INFO    Epoch 8/20  Batch 3850/4563  Loss 22.0478
2026-04-19 22:08:10  INFO    Epoch 8/20  Batch 3900/4563  Loss 20.7284
2026-04-19 22:08:39  INFO    Epoch 8/20  Batch 3950/4563  Loss 31.9324
2026-04-19 22:09:08  INFO    Epoch 8/20  Batch 4000/4563  Loss 32.9123
2026-04-19 22:09:37  INFO    Epoch 8/20  Batch 4050/4563  Loss 25.7628
2026-04-19 22:10:06  INFO    Epoch 8/20  Batch 4100/4563  Loss 19.5261
2026-04-19 22:10:36  INFO    Epoch 8/20  Batch 4150/4563  Loss 22.3383
2026-04-19 22:11:05  INFO    Epoch 8/20  Batch 4200/4563  Loss 27.7202
2026-04-19 22:11:34  INFO    Epoch 8/20  Batch 4250/4563  Loss 27.9197
2026-04-19 22:12:03  INFO    Epoch 8/20  Batch 4300/4563  Loss 20.7374
2026-04-19 22:12:32  INFO    Epoch 8/20  Batch 4350/4563  Loss 29.8310
2026-04-19 22:13:01  INFO    Epoch 8/20  Batch 4400/4563  Loss 21.2262
2026-04-19 22:13:31  INFO    Epoch 8/20  Batch 4450/4563  Loss 22.7986
2026-04-19 22:14:00  INFO    Epoch 8/20  Batch 4500/4563  Loss 18.3608
2026-04-19 22:14:29  INFO    Epoch 8/20  Batch 4550/4563  Loss 53.0756
2026-04-19 22:21:28  INFO  Epoch 008/20 | Train MAE 7.582 | Val MAE 8.261 | ±3yr 26.3% | ±5yr 41.3% | 3071s
2026-04-19 22:21:28  INFO    ★  New best saved  (val_mae=8.2612)
2026-04-19 22:21:30  INFO    Epoch 9/20  Batch 0/4563  Loss 24.7989
2026-04-19 22:22:00  INFO    Epoch 9/20  Batch 50/4563  Loss 25.7050
2026-04-19 22:22:29  INFO    Epoch 9/20  Batch 100/4563  Loss 25.0258
2026-04-19 22:22:58  INFO    Epoch 9/20  Batch 150/4563  Loss 20.4016
2026-04-19 22:23:27  INFO    Epoch 9/20  Batch 200/4563  Loss 23.3164
2026-04-19 22:23:56  INFO    Epoch 9/20  Batch 250/4563  Loss 23.5657
2026-04-19 22:24:25  INFO    Epoch 9/20  Batch 300/4563  Loss 39.6182
2026-04-19 22:24:54  INFO    Epoch 9/20  Batch 350/4563  Loss 41.8225
2026-04-19 22:25:24  INFO    Epoch 9/20  Batch 400/4563  Loss 34.6286
2026-04-19 22:25:53  INFO    Epoch 9/20  Batch 450/4563  Loss 27.6605
2026-04-19 22:26:22  INFO    Epoch 9/20  Batch 500/4563  Loss 23.7417
2026-04-19 22:26:51  INFO    Epoch 9/20  Batch 550/4563  Loss 23.6952
2026-04-19 22:27:20  INFO    Epoch 9/20  Batch 600/4563  Loss 27.1970
2026-04-19 22:27:49  INFO    Epoch 9/20  Batch 650/4563  Loss 24.8380
2026-04-19 22:28:19  INFO    Epoch 9/20  Batch 700/4563  Loss 28.5373
2026-04-19 22:28:48  INFO    Epoch 9/20  Batch 750/4563  Loss 24.7896
2026-04-19 22:29:17  INFO    Epoch 9/20  Batch 800/4563  Loss 33.4753
2026-04-19 22:29:46  INFO    Epoch 9/20  Batch 850/4563  Loss 23.8080
2026-04-19 22:30:15  INFO    Epoch 9/20  Batch 900/4563  Loss 22.6886
2026-04-19 22:30:44  INFO    Epoch 9/20  Batch 950/4563  Loss 27.0766
2026-04-19 22:31:13  INFO    Epoch 9/20  Batch 1000/4563  Loss 29.6192
2026-04-19 22:31:42  INFO    Epoch 9/20  Batch 1050/4563  Loss 28.4458
2026-04-19 22:32:11  INFO    Epoch 9/20  Batch 1100/4563  Loss 22.2125
2026-04-19 22:32:40  INFO    Epoch 9/20  Batch 1150/4563  Loss 31.4792
2026-04-19 22:33:09  INFO    Epoch 9/20  Batch 1200/4563  Loss 23.0862
2026-04-19 22:33:38  INFO    Epoch 9/20  Batch 1250/4563  Loss 24.2601
2026-04-19 22:34:08  INFO    Epoch 9/20  Batch 1300/4563  Loss 26.4022
2026-04-19 22:34:37  INFO    Epoch 9/20  Batch 1350/4563  Loss 20.1952
2026-04-19 22:35:06  INFO    Epoch 9/20  Batch 1400/4563  Loss 34.7907
2026-04-19 22:35:35  INFO    Epoch 9/20  Batch 1450/4563  Loss 23.8762
2026-04-19 22:36:04  INFO    Epoch 9/20  Batch 1500/4563  Loss 21.8691
2026-04-19 22:36:33  INFO    Epoch 9/20  Batch 1550/4563  Loss 29.8023
2026-04-19 22:37:02  INFO    Epoch 9/20  Batch 1600/4563  Loss 20.4280
2026-04-19 22:37:31  INFO    Epoch 9/20  Batch 1650/4563  Loss 36.6213
2026-04-19 22:38:01  INFO    Epoch 9/20  Batch 1700/4563  Loss 28.0006
2026-04-19 22:38:30  INFO    Epoch 9/20  Batch 1750/4563  Loss 27.8370
2026-04-19 22:38:59  INFO    Epoch 9/20  Batch 1800/4563  Loss 28.9694
2026-04-19 22:39:28  INFO    Epoch 9/20  Batch 1850/4563  Loss 12.9903
2026-04-19 22:39:57  INFO    Epoch 9/20  Batch 1900/4563  Loss 21.6256
2026-04-19 22:40:26  INFO    Epoch 9/20  Batch 1950/4563  Loss 25.6839
2026-04-19 22:40:55  INFO    Epoch 9/20  Batch 2000/4563  Loss 16.3152
2026-04-19 22:41:24  INFO    Epoch 9/20  Batch 2050/4563  Loss 25.7155
2026-04-19 22:41:53  INFO    Epoch 9/20  Batch 2100/4563  Loss 18.5174
2026-04-19 22:42:23  INFO    Epoch 9/20  Batch 2150/4563  Loss 15.6535
2026-04-19 22:42:51  INFO    Epoch 9/20  Batch 2200/4563  Loss 23.7556
2026-04-19 22:43:21  INFO    Epoch 9/20  Batch 2250/4563  Loss 23.1403
2026-04-19 22:43:50  INFO    Epoch 9/20  Batch 2300/4563  Loss 20.1652
2026-04-19 22:44:19  INFO    Epoch 9/20  Batch 2350/4563  Loss 32.8475
2026-04-19 22:44:48  INFO    Epoch 9/20  Batch 2400/4563  Loss 26.2228
2026-04-19 22:45:17  INFO    Epoch 9/20  Batch 2450/4563  Loss 30.4310
2026-04-19 22:45:46  INFO    Epoch 9/20  Batch 2500/4563  Loss 27.5286
2026-04-19 22:46:15  INFO    Epoch 9/20  Batch 2550/4563  Loss 33.6970
2026-04-19 22:46:44  INFO    Epoch 9/20  Batch 2600/4563  Loss 23.3469
2026-04-19 22:47:14  INFO    Epoch 9/20  Batch 2650/4563  Loss 23.2274
2026-04-19 22:47:43  INFO    Epoch 9/20  Batch 2700/4563  Loss 26.6679
2026-04-19 22:48:12  INFO    Epoch 9/20  Batch 2750/4563  Loss 30.8281
2026-04-19 22:48:41  INFO    Epoch 9/20  Batch 2800/4563  Loss 23.0168
2026-04-19 22:49:10  INFO    Epoch 9/20  Batch 2850/4563  Loss 21.3063
2026-04-19 22:49:39  INFO    Epoch 9/20  Batch 2900/4563  Loss 36.2191
2026-04-19 22:50:09  INFO    Epoch 9/20  Batch 2950/4563  Loss 22.4847
2026-04-19 22:50:38  INFO    Epoch 9/20  Batch 3000/4563  Loss 19.5293
2026-04-19 22:51:07  INFO    Epoch 9/20  Batch 3050/4563  Loss 37.0400
2026-04-19 22:51:36  INFO    Epoch 9/20  Batch 3100/4563  Loss 25.4101
2026-04-19 22:52:05  INFO    Epoch 9/20  Batch 3150/4563  Loss 30.9601
2026-04-19 22:52:34  INFO    Epoch 9/20  Batch 3200/4563  Loss 21.5851
2026-04-19 22:53:03  INFO    Epoch 9/20  Batch 3250/4563  Loss 23.1959
2026-04-19 22:53:32  INFO    Epoch 9/20  Batch 3300/4563  Loss 24.7416
2026-04-19 22:54:01  INFO    Epoch 9/20  Batch 3350/4563  Loss 29.3652
2026-04-19 22:54:30  INFO    Epoch 9/20  Batch 3400/4563  Loss 31.3801
2026-04-19 22:55:00  INFO    Epoch 9/20  Batch 3450/4563  Loss 21.6280
2026-04-19 22:55:29  INFO    Epoch 9/20  Batch 3500/4563  Loss 23.6128
2026-04-19 22:55:58  INFO    Epoch 9/20  Batch 3550/4563  Loss 32.9087
2026-04-19 22:56:27  INFO    Epoch 9/20  Batch 3600/4563  Loss 26.5505
2026-04-19 22:56:56  INFO    Epoch 9/20  Batch 3650/4563  Loss 28.5306
2026-04-19 22:57:25  INFO    Epoch 9/20  Batch 3700/4563  Loss 27.8445
2026-04-19 22:57:54  INFO    Epoch 9/20  Batch 3750/4563  Loss 15.3407
2026-04-19 22:58:23  INFO    Epoch 9/20  Batch 3800/4563  Loss 22.7022
2026-04-19 22:58:52  INFO    Epoch 9/20  Batch 3850/4563  Loss 31.2662
2026-04-19 22:59:21  INFO    Epoch 9/20  Batch 3900/4563  Loss 23.8095
2026-04-19 22:59:51  INFO    Epoch 9/20  Batch 3950/4563  Loss 39.1376
2026-04-19 23:00:20  INFO    Epoch 9/20  Batch 4000/4563  Loss 23.7631
2026-04-19 23:00:49  INFO    Epoch 9/20  Batch 4050/4563  Loss 35.7984
2026-04-19 23:01:18  INFO    Epoch 9/20  Batch 4100/4563  Loss 17.3091
2026-04-19 23:01:47  INFO    Epoch 9/20  Batch 4150/4563  Loss 32.1397
2026-04-19 23:02:16  INFO    Epoch 9/20  Batch 4200/4563  Loss 24.9095
2026-04-19 23:02:45  INFO    Epoch 9/20  Batch 4250/4563  Loss 37.6155
2026-04-19 23:03:14  INFO    Epoch 9/20  Batch 4300/4563  Loss 21.8340
2026-04-19 23:03:44  INFO    Epoch 9/20  Batch 4350/4563  Loss 35.3177
2026-04-19 23:04:13  INFO    Epoch 9/20  Batch 4400/4563  Loss 40.1985
2026-04-19 23:04:42  INFO    Epoch 9/20  Batch 4450/4563  Loss 29.7288
2026-04-19 23:05:11  INFO    Epoch 9/20  Batch 4500/4563  Loss 24.9761
2026-04-19 23:05:40  INFO    Epoch 9/20  Batch 4550/4563  Loss 24.7085
2026-04-19 23:12:41  INFO  Epoch 009/20 | Train MAE 7.263 | Val MAE 8.059 | ±3yr 27.0% | ±5yr 42.1% | 3072s
2026-04-19 23:12:41  INFO    ★  New best saved  (val_mae=8.0595)
2026-04-19 23:12:43  INFO    Epoch 10/20  Batch 0/4563  Loss 26.0864
2026-04-19 23:13:12  INFO    Epoch 10/20  Batch 50/4563  Loss 25.0841
2026-04-19 23:13:42  INFO    Epoch 10/20  Batch 100/4563  Loss 24.6527
2026-04-19 23:14:11  INFO    Epoch 10/20  Batch 150/4563  Loss 15.0245
2026-04-19 23:14:40  INFO    Epoch 10/20  Batch 200/4563  Loss 23.9590
2026-04-19 23:15:09  INFO    Epoch 10/20  Batch 250/4563  Loss 32.9207
2026-04-19 23:15:38  INFO    Epoch 10/20  Batch 300/4563  Loss 16.2180
2026-04-19 23:16:07  INFO    Epoch 10/20  Batch 350/4563  Loss 18.8646
2026-04-19 23:16:36  INFO    Epoch 10/20  Batch 400/4563  Loss 23.1481
2026-04-19 23:17:05  INFO    Epoch 10/20  Batch 450/4563  Loss 37.7611
2026-04-19 23:17:34  INFO    Epoch 10/20  Batch 500/4563  Loss 25.7293
2026-04-19 23:18:04  INFO    Epoch 10/20  Batch 550/4563  Loss 27.4542
2026-04-19 23:18:33  INFO    Epoch 10/20  Batch 600/4563  Loss 28.7567
2026-04-19 23:19:02  INFO    Epoch 10/20  Batch 650/4563  Loss 31.4091
2026-04-19 23:19:31  INFO    Epoch 10/20  Batch 700/4563  Loss 30.3918
2026-04-19 23:20:00  INFO    Epoch 10/20  Batch 750/4563  Loss 23.8032
2026-04-19 23:20:29  INFO    Epoch 10/20  Batch 800/4563  Loss 32.6787
2026-04-19 23:20:59  INFO    Epoch 10/20  Batch 850/4563  Loss 24.4472
2026-04-19 23:21:28  INFO    Epoch 10/20  Batch 900/4563  Loss 22.5644
2026-04-19 23:21:57  INFO    Epoch 10/20  Batch 950/4563  Loss 28.6258
2026-04-19 23:22:26  INFO    Epoch 10/20  Batch 1000/4563  Loss 29.6823
2026-04-19 23:22:55  INFO    Epoch 10/20  Batch 1050/4563  Loss 23.8684
2026-04-19 23:23:24  INFO    Epoch 10/20  Batch 1100/4563  Loss 31.6120
2026-04-19 23:23:54  INFO    Epoch 10/20  Batch 1150/4563  Loss 12.5294
2026-04-19 23:24:23  INFO    Epoch 10/20  Batch 1200/4563  Loss 31.8212
2026-04-19 23:24:52  INFO    Epoch 10/20  Batch 1250/4563  Loss 22.0844
2026-04-19 23:25:21  INFO    Epoch 10/20  Batch 1300/4563  Loss 25.6937
2026-04-19 23:25:50  INFO    Epoch 10/20  Batch 1350/4563  Loss 32.4850
2026-04-19 23:26:19  INFO    Epoch 10/20  Batch 1400/4563  Loss 31.3569
2026-04-19 23:26:49  INFO    Epoch 10/20  Batch 1450/4563  Loss 23.8289
2026-04-19 23:27:18  INFO    Epoch 10/20  Batch 1500/4563  Loss 25.8024
2026-04-19 23:27:47  INFO    Epoch 10/20  Batch 1550/4563  Loss 24.3609
2026-04-19 23:28:16  INFO    Epoch 10/20  Batch 1600/4563  Loss 23.9059
2026-04-19 23:28:45  INFO    Epoch 10/20  Batch 1650/4563  Loss 21.3084
2026-04-19 23:29:14  INFO    Epoch 10/20  Batch 1700/4563  Loss 21.2181
2026-04-19 23:29:43  INFO    Epoch 10/20  Batch 1750/4563  Loss 21.2455
2026-04-19 23:30:12  INFO    Epoch 10/20  Batch 1800/4563  Loss 27.1780
2026-04-19 23:30:42  INFO    Epoch 10/20  Batch 1850/4563  Loss 22.3751
2026-04-19 23:31:11  INFO    Epoch 10/20  Batch 1900/4563  Loss 24.8755
2026-04-19 23:31:40  INFO    Epoch 10/20  Batch 1950/4563  Loss 34.1808
2026-04-19 23:32:09  INFO    Epoch 10/20  Batch 2000/4563  Loss 20.0788
2026-04-19 23:32:38  INFO    Epoch 10/20  Batch 2050/4563  Loss 34.5623
2026-04-19 23:33:07  INFO    Epoch 10/20  Batch 2100/4563  Loss 30.6803
2026-04-19 23:33:36  INFO    Epoch 10/20  Batch 2150/4563  Loss 29.9332
2026-04-19 23:34:05  INFO    Epoch 10/20  Batch 2200/4563  Loss 26.7006
2026-04-19 23:34:34  INFO    Epoch 10/20  Batch 2250/4563  Loss 24.8357
2026-04-19 23:35:04  INFO    Epoch 10/20  Batch 2300/4563  Loss 21.2224
2026-04-19 23:35:33  INFO    Epoch 10/20  Batch 2350/4563  Loss 25.5212
2026-04-19 23:36:02  INFO    Epoch 10/20  Batch 2400/4563  Loss 23.8301
2026-04-19 23:36:31  INFO    Epoch 10/20  Batch 2450/4563  Loss 16.3629
2026-04-19 23:37:00  INFO    Epoch 10/20  Batch 2500/4563  Loss 23.9724
2026-04-19 23:37:29  INFO    Epoch 10/20  Batch 2550/4563  Loss 21.2760
2026-04-19 23:37:58  INFO    Epoch 10/20  Batch 2600/4563  Loss 27.5265
2026-04-19 23:38:27  INFO    Epoch 10/20  Batch 2650/4563  Loss 40.4582
2026-04-19 23:38:57  INFO    Epoch 10/20  Batch 2700/4563  Loss 34.0616
2026-04-19 23:39:26  INFO    Epoch 10/20  Batch 2750/4563  Loss 18.9696
2026-04-19 23:39:55  INFO    Epoch 10/20  Batch 2800/4563  Loss 21.4995
2026-04-19 23:40:24  INFO    Epoch 10/20  Batch 2850/4563  Loss 19.9104
2026-04-19 23:40:53  INFO    Epoch 10/20  Batch 2900/4563  Loss 23.4646
2026-04-19 23:41:22  INFO    Epoch 10/20  Batch 2950/4563  Loss 28.3881
2026-04-19 23:41:51  INFO    Epoch 10/20  Batch 3000/4563  Loss 33.5548
2026-04-19 23:42:20  INFO    Epoch 10/20  Batch 3050/4563  Loss 27.9678
2026-04-19 23:42:49  INFO    Epoch 10/20  Batch 3100/4563  Loss 19.3762
2026-04-19 23:43:18  INFO    Epoch 10/20  Batch 3150/4563  Loss 20.7054
2026-04-19 23:43:47  INFO    Epoch 10/20  Batch 3200/4563  Loss 26.1910
2026-04-19 23:44:17  INFO    Epoch 10/20  Batch 3250/4563  Loss 29.5483
2026-04-19 23:44:46  INFO    Epoch 10/20  Batch 3300/4563  Loss 20.8784
2026-04-19 23:45:15  INFO    Epoch 10/20  Batch 3350/4563  Loss 22.2298
2026-04-19 23:45:44  INFO    Epoch 10/20  Batch 3400/4563  Loss 15.4064
2026-04-19 23:46:13  INFO    Epoch 10/20  Batch 3450/4563  Loss 26.9705
2026-04-19 23:46:42  INFO    Epoch 10/20  Batch 3500/4563  Loss 29.5650
2026-04-19 23:47:12  INFO    Epoch 10/20  Batch 3550/4563  Loss 34.4660
2026-04-19 23:47:41  INFO    Epoch 10/20  Batch 3600/4563  Loss 17.0951
2026-04-19 23:48:10  INFO    Epoch 10/20  Batch 3650/4563  Loss 40.0916
2026-04-19 23:48:39  INFO    Epoch 10/20  Batch 3700/4563  Loss 24.9175
2026-04-19 23:49:08  INFO    Epoch 10/20  Batch 3750/4563  Loss 19.4390
2026-04-19 23:49:37  INFO    Epoch 10/20  Batch 3800/4563  Loss 31.3641
2026-04-19 23:50:06  INFO    Epoch 10/20  Batch 3850/4563  Loss 21.6530
2026-04-19 23:50:35  INFO    Epoch 10/20  Batch 3900/4563  Loss 28.5968
2026-04-19 23:51:04  INFO    Epoch 10/20  Batch 3950/4563  Loss 22.9315
2026-04-19 23:51:34  INFO    Epoch 10/20  Batch 4000/4563  Loss 23.4582
2026-04-19 23:52:03  INFO    Epoch 10/20  Batch 4050/4563  Loss 23.7538
2026-04-19 23:52:32  INFO    Epoch 10/20  Batch 4100/4563  Loss 31.4466
2026-04-19 23:53:01  INFO    Epoch 10/20  Batch 4150/4563  Loss 16.6350
2026-04-19 23:53:30  INFO    Epoch 10/20  Batch 4200/4563  Loss 18.9048
2026-04-19 23:53:59  INFO    Epoch 10/20  Batch 4250/4563  Loss 17.3183
2026-04-19 23:54:28  INFO    Epoch 10/20  Batch 4300/4563  Loss 27.3562
2026-04-19 23:54:57  INFO    Epoch 10/20  Batch 4350/4563  Loss 20.7892
2026-04-19 23:55:26  INFO    Epoch 10/20  Batch 4400/4563  Loss 21.0901
2026-04-19 23:55:55  INFO    Epoch 10/20  Batch 4450/4563  Loss 21.9785
2026-04-19 23:56:25  INFO    Epoch 10/20  Batch 4500/4563  Loss 21.9825
2026-04-19 23:56:54  INFO    Epoch 10/20  Batch 4550/4563  Loss 34.6499
2026-04-20 00:03:54  INFO  Epoch 010/20 | Train MAE 7.072 | Val MAE 8.078 | ±3yr 27.1% | ±5yr 42.3% | 3072s
2026-04-20 00:03:56  INFO    Epoch 11/20  Batch 0/4563  Loss 24.0732
2026-04-20 00:04:25  INFO    Epoch 11/20  Batch 50/4563  Loss 25.9778
2026-04-20 00:04:55  INFO    Epoch 11/20  Batch 100/4563  Loss 20.9183
2026-04-20 00:05:24  INFO    Epoch 11/20  Batch 150/4563  Loss 26.2306
2026-04-20 00:05:53  INFO    Epoch 11/20  Batch 200/4563  Loss 24.4442
2026-04-20 00:06:22  INFO    Epoch 11/20  Batch 250/4563  Loss 21.6741
2026-04-20 00:06:51  INFO    Epoch 11/20  Batch 300/4563  Loss 18.8394
2026-04-20 00:07:20  INFO    Epoch 11/20  Batch 350/4563  Loss 34.1697
2026-04-20 00:07:49  INFO    Epoch 11/20  Batch 400/4563  Loss 19.3807
2026-04-20 00:08:18  INFO    Epoch 11/20  Batch 450/4563  Loss 23.2215
2026-04-20 00:08:48  INFO    Epoch 11/20  Batch 500/4563  Loss 37.0348
2026-04-20 00:09:17  INFO    Epoch 11/20  Batch 550/4563  Loss 14.9185
2026-04-20 00:09:46  INFO    Epoch 11/20  Batch 600/4563  Loss 24.8478
2026-04-20 00:10:15  INFO    Epoch 11/20  Batch 650/4563  Loss 23.7110
2026-04-20 00:10:44  INFO    Epoch 11/20  Batch 700/4563  Loss 23.7923
2026-04-20 00:11:14  INFO    Epoch 11/20  Batch 750/4563  Loss 26.5342
2026-04-20 00:11:43  INFO    Epoch 11/20  Batch 800/4563  Loss 20.4606
2026-04-20 00:12:12  INFO    Epoch 11/20  Batch 850/4563  Loss 20.7648
2026-04-20 00:12:41  INFO    Epoch 11/20  Batch 900/4563  Loss 27.8029
2026-04-20 00:13:10  INFO    Epoch 11/20  Batch 950/4563  Loss 36.3619
2026-04-20 00:13:39  INFO    Epoch 11/20  Batch 1000/4563  Loss 24.7165
2026-04-20 00:14:09  INFO    Epoch 11/20  Batch 1050/4563  Loss 33.4109
2026-04-20 00:14:38  INFO    Epoch 11/20  Batch 1100/4563  Loss 17.3968
2026-04-20 00:15:07  INFO    Epoch 11/20  Batch 1150/4563  Loss 18.2596
2026-04-20 00:15:36  INFO    Epoch 11/20  Batch 1200/4563  Loss 19.3344
2026-04-20 00:16:05  INFO    Epoch 11/20  Batch 1250/4563  Loss 25.3056
2026-04-20 00:16:35  INFO    Epoch 11/20  Batch 1300/4563  Loss 20.8092
2026-04-20 00:17:04  INFO    Epoch 11/20  Batch 1350/4563  Loss 21.5517
2026-04-20 00:17:33  INFO    Epoch 11/20  Batch 1400/4563  Loss 37.5194
2026-04-20 00:18:02  INFO    Epoch 11/20  Batch 1450/4563  Loss 29.1271
2026-04-20 00:18:31  INFO    Epoch 11/20  Batch 1500/4563  Loss 22.2873
2026-04-20 00:19:00  INFO    Epoch 11/20  Batch 1550/4563  Loss 24.5461
2026-04-20 00:19:30  INFO    Epoch 11/20  Batch 1600/4563  Loss 39.9249
2026-04-20 00:19:59  INFO    Epoch 11/20  Batch 1650/4563  Loss 23.4339
2026-04-20 00:20:28  INFO    Epoch 11/20  Batch 1700/4563  Loss 22.4704
2026-04-20 00:20:57  INFO    Epoch 11/20  Batch 1750/4563  Loss 20.5088
2026-04-20 00:21:26  INFO    Epoch 11/20  Batch 1800/4563  Loss 23.7556
2026-04-20 00:21:55  INFO    Epoch 11/20  Batch 1850/4563  Loss 24.2005
2026-04-20 00:22:25  INFO    Epoch 11/20  Batch 1900/4563  Loss 24.9730
2026-04-20 00:22:54  INFO    Epoch 11/20  Batch 1950/4563  Loss 20.4526
2026-04-20 00:23:23  INFO    Epoch 11/20  Batch 2000/4563  Loss 17.6515
2026-04-20 00:23:52  INFO    Epoch 11/20  Batch 2050/4563  Loss 28.5039
2026-04-20 00:24:21  INFO    Epoch 11/20  Batch 2100/4563  Loss 20.1768
2026-04-20 00:24:50  INFO    Epoch 11/20  Batch 2150/4563  Loss 16.3937
2026-04-20 00:25:20  INFO    Epoch 11/20  Batch 2200/4563  Loss 22.7373
2026-04-20 00:25:49  INFO    Epoch 11/20  Batch 2250/4563  Loss 26.8770
2026-04-20 00:26:18  INFO    Epoch 11/20  Batch 2300/4563  Loss 16.7271
2026-04-20 00:26:47  INFO    Epoch 11/20  Batch 2350/4563  Loss 17.5013
2026-04-20 00:27:16  INFO    Epoch 11/20  Batch 2400/4563  Loss 22.9495
2026-04-20 00:27:45  INFO    Epoch 11/20  Batch 2450/4563  Loss 33.3398
2026-04-20 00:28:15  INFO    Epoch 11/20  Batch 2500/4563  Loss 19.6831
2026-04-20 00:28:44  INFO    Epoch 11/20  Batch 2550/4563  Loss 22.9082
2026-04-20 00:29:13  INFO    Epoch 11/20  Batch 2600/4563  Loss 25.3117
2026-04-20 00:29:42  INFO    Epoch 11/20  Batch 2650/4563  Loss 22.8473
2026-04-20 00:30:11  INFO    Epoch 11/20  Batch 2700/4563  Loss 23.0960
2026-04-20 00:30:41  INFO    Epoch 11/20  Batch 2750/4563  Loss 24.5947
2026-04-20 00:31:10  INFO    Epoch 11/20  Batch 2800/4563  Loss 21.4815
2026-04-20 00:31:39  INFO    Epoch 11/20  Batch 2850/4563  Loss 22.1861
2026-04-20 00:32:08  INFO    Epoch 11/20  Batch 2900/4563  Loss 32.8255
2026-04-20 00:32:38  INFO    Epoch 11/20  Batch 2950/4563  Loss 23.7496
2026-04-20 00:33:07  INFO    Epoch 11/20  Batch 3000/4563  Loss 26.7284
2026-04-20 00:33:36  INFO    Epoch 11/20  Batch 3050/4563  Loss 24.3025
2026-04-20 00:34:05  INFO    Epoch 11/20  Batch 3100/4563  Loss 21.4542
2026-04-20 00:34:35  INFO    Epoch 11/20  Batch 3150/4563  Loss 26.8337
2026-04-20 00:35:04  INFO    Epoch 11/20  Batch 3200/4563  Loss 20.7081
2026-04-20 00:35:33  INFO    Epoch 11/20  Batch 3250/4563  Loss 21.5065
2026-04-20 00:36:02  INFO    Epoch 11/20  Batch 3300/4563  Loss 29.4862
2026-04-20 00:36:31  INFO    Epoch 11/20  Batch 3350/4563  Loss 37.8808
2026-04-20 00:37:01  INFO    Epoch 11/20  Batch 3400/4563  Loss 19.6983
2026-04-20 00:37:30  INFO    Epoch 11/20  Batch 3450/4563  Loss 26.2687
2026-04-20 00:37:59  INFO    Epoch 11/20  Batch 3500/4563  Loss 39.1072
2026-04-20 00:38:28  INFO    Epoch 11/20  Batch 3550/4563  Loss 26.8214
2026-04-20 00:38:58  INFO    Epoch 11/20  Batch 3600/4563  Loss 26.4273
2026-04-20 00:39:27  INFO    Epoch 11/20  Batch 3650/4563  Loss 30.8352
2026-04-20 00:39:56  INFO    Epoch 11/20  Batch 3700/4563  Loss 24.2969
2026-04-20 00:40:25  INFO    Epoch 11/20  Batch 3750/4563  Loss 17.3016
2026-04-20 00:40:54  INFO    Epoch 11/20  Batch 3800/4563  Loss 17.9423
2026-04-20 00:41:24  INFO    Epoch 11/20  Batch 3850/4563  Loss 33.6028
2026-04-20 00:41:53  INFO    Epoch 11/20  Batch 3900/4563  Loss 15.7043
2026-04-20 00:42:22  INFO    Epoch 11/20  Batch 3950/4563  Loss 23.4442
2026-04-20 00:42:51  INFO    Epoch 11/20  Batch 4000/4563  Loss 25.4688
2026-04-20 00:43:21  INFO    Epoch 11/20  Batch 4050/4563  Loss 28.2392
2026-04-20 00:43:50  INFO    Epoch 11/20  Batch 4100/4563  Loss 22.0307
2026-04-20 00:44:19  INFO    Epoch 11/20  Batch 4150/4563  Loss 21.3476
2026-04-20 00:44:48  INFO    Epoch 11/20  Batch 4200/4563  Loss 34.2308
2026-04-20 00:45:18  INFO    Epoch 11/20  Batch 4250/4563  Loss 27.2655
2026-04-20 00:45:47  INFO    Epoch 11/20  Batch 4300/4563  Loss 22.7622
2026-04-20 00:46:16  INFO    Epoch 11/20  Batch 4350/4563  Loss 21.3525
2026-04-20 00:46:45  INFO    Epoch 11/20  Batch 4400/4563  Loss 25.3055
2026-04-20 00:47:15  INFO    Epoch 11/20  Batch 4450/4563  Loss 27.9130
2026-04-20 00:47:44  INFO    Epoch 11/20  Batch 4500/4563  Loss 27.3255
2026-04-20 00:48:13  INFO    Epoch 11/20  Batch 4550/4563  Loss 18.3778
2026-04-20 00:55:15  INFO  Epoch 011/20 | Train MAE 6.865 | Val MAE 7.946 | ±3yr 27.7% | ±5yr 43.1% | 3080s
2026-04-20 00:55:15  INFO    ★  New best saved  (val_mae=7.9464)
2026-04-20 00:55:17  INFO    Epoch 12/20  Batch 0/4563  Loss 32.9948
2026-04-20 00:55:46  INFO    Epoch 12/20  Batch 50/4563  Loss 29.3703
2026-04-20 00:56:15  INFO    Epoch 12/20  Batch 100/4563  Loss 27.7129
2026-04-20 00:56:45  INFO    Epoch 12/20  Batch 150/4563  Loss 28.8466
2026-04-20 00:57:14  INFO    Epoch 12/20  Batch 200/4563  Loss 23.8420
2026-04-20 00:57:43  INFO    Epoch 12/20  Batch 250/4563  Loss 16.3079
2026-04-20 00:58:13  INFO    Epoch 12/20  Batch 300/4563  Loss 17.8365
2026-04-20 00:58:42  INFO    Epoch 12/20  Batch 350/4563  Loss 27.4522
2026-04-20 00:59:11  INFO    Epoch 12/20  Batch 400/4563  Loss 18.9796
2026-04-20 00:59:41  INFO    Epoch 12/20  Batch 450/4563  Loss 16.9158
2026-04-20 01:00:10  INFO    Epoch 12/20  Batch 500/4563  Loss 20.0237
2026-04-20 01:00:39  INFO    Epoch 12/20  Batch 550/4563  Loss 26.0475
2026-04-20 01:01:08  INFO    Epoch 12/20  Batch 600/4563  Loss 13.7487
2026-04-20 01:01:38  INFO    Epoch 12/20  Batch 650/4563  Loss 20.8800
2026-04-20 01:02:07  INFO    Epoch 12/20  Batch 700/4563  Loss 30.5102
2026-04-20 01:02:36  INFO    Epoch 12/20  Batch 750/4563  Loss 26.3988
2026-04-20 01:03:05  INFO    Epoch 12/20  Batch 800/4563  Loss 30.0770
2026-04-20 01:03:34  INFO    Epoch 12/20  Batch 850/4563  Loss 27.3229
2026-04-20 01:04:04  INFO    Epoch 12/20  Batch 900/4563  Loss 31.0846
2026-04-20 01:04:33  INFO    Epoch 12/20  Batch 950/4563  Loss 21.1970
2026-04-20 01:05:02  INFO    Epoch 12/20  Batch 1000/4563  Loss 15.9606
2026-04-20 01:05:31  INFO    Epoch 12/20  Batch 1050/4563  Loss 23.5712
2026-04-20 01:06:01  INFO    Epoch 12/20  Batch 1100/4563  Loss 27.8163
2026-04-20 01:06:30  INFO    Epoch 12/20  Batch 1150/4563  Loss 19.7089
2026-04-20 01:06:59  INFO    Epoch 12/20  Batch 1200/4563  Loss 22.7644
2026-04-20 01:07:28  INFO    Epoch 12/20  Batch 1250/4563  Loss 21.6661
2026-04-20 01:07:58  INFO    Epoch 12/20  Batch 1300/4563  Loss 21.8992
2026-04-20 01:08:27  INFO    Epoch 12/20  Batch 1350/4563  Loss 18.5147
2026-04-20 01:08:56  INFO    Epoch 12/20  Batch 1400/4563  Loss 23.6604
2026-04-20 01:09:25  INFO    Epoch 12/20  Batch 1450/4563  Loss 18.8181
2026-04-20 01:09:55  INFO    Epoch 12/20  Batch 1500/4563  Loss 20.4729
2026-04-20 01:10:24  INFO    Epoch 12/20  Batch 1550/4563  Loss 22.9401
2026-04-20 01:10:53  INFO    Epoch 12/20  Batch 1600/4563  Loss 32.9992
2026-04-20 01:11:22  INFO    Epoch 12/20  Batch 1650/4563  Loss 31.3085
2026-04-20 01:11:52  INFO    Epoch 12/20  Batch 1700/4563  Loss 40.7126
2026-04-20 01:12:21  INFO    Epoch 12/20  Batch 1750/4563  Loss 17.4097
2026-04-20 01:12:50  INFO    Epoch 12/20  Batch 1800/4563  Loss 18.6037
2026-04-20 01:13:20  INFO    Epoch 12/20  Batch 1850/4563  Loss 23.2881
2026-04-20 01:13:49  INFO    Epoch 12/20  Batch 1900/4563  Loss 29.2329
2026-04-20 01:14:18  INFO    Epoch 12/20  Batch 1950/4563  Loss 19.2555
2026-04-20 01:14:47  INFO    Epoch 12/20  Batch 2000/4563  Loss 23.0216
2026-04-20 01:15:17  INFO    Epoch 12/20  Batch 2050/4563  Loss 24.3102
2026-04-20 01:15:46  INFO    Epoch 12/20  Batch 2100/4563  Loss 29.5054
2026-04-20 01:16:15  INFO    Epoch 12/20  Batch 2150/4563  Loss 25.3458
2026-04-20 01:16:44  INFO    Epoch 12/20  Batch 2200/4563  Loss 27.7662
2026-04-20 01:17:14  INFO    Epoch 12/20  Batch 2250/4563  Loss 16.5874
2026-04-20 01:17:43  INFO    Epoch 12/20  Batch 2300/4563  Loss 19.7174
2026-04-20 01:18:12  INFO    Epoch 12/20  Batch 2350/4563  Loss 20.8811
2026-04-20 01:18:42  INFO    Epoch 12/20  Batch 2400/4563  Loss 27.9577
2026-04-20 01:19:11  INFO    Epoch 12/20  Batch 2450/4563  Loss 24.7492
2026-04-20 01:19:40  INFO    Epoch 12/20  Batch 2500/4563  Loss 23.6080
2026-04-20 01:20:09  INFO    Epoch 12/20  Batch 2550/4563  Loss 29.1736
2026-04-20 01:20:39  INFO    Epoch 12/20  Batch 2600/4563  Loss 23.0824
2026-04-20 01:21:08  INFO    Epoch 12/20  Batch 2650/4563  Loss 17.3058
2026-04-20 01:21:37  INFO    Epoch 12/20  Batch 2700/4563  Loss 23.9240
2026-04-20 01:22:07  INFO    Epoch 12/20  Batch 2750/4563  Loss 25.5022
2026-04-20 01:22:36  INFO    Epoch 12/20  Batch 2800/4563  Loss 34.0557
2026-04-20 01:23:05  INFO    Epoch 12/20  Batch 2850/4563  Loss 15.8270
2026-04-20 01:23:34  INFO    Epoch 12/20  Batch 2900/4563  Loss 19.2753
2026-04-20 01:24:04  INFO    Epoch 12/20  Batch 2950/4563  Loss 16.4125
2026-04-20 01:24:33  INFO    Epoch 12/20  Batch 3000/4563  Loss 20.1660
2026-04-20 01:25:02  INFO    Epoch 12/20  Batch 3050/4563  Loss 19.0371
2026-04-20 01:25:31  INFO    Epoch 12/20  Batch 3100/4563  Loss 26.5683
2026-04-20 01:26:01  INFO    Epoch 12/20  Batch 3150/4563  Loss 25.4241
2026-04-20 01:26:30  INFO    Epoch 12/20  Batch 3200/4563  Loss 21.2655
2026-04-20 01:26:59  INFO    Epoch 12/20  Batch 3250/4563  Loss 19.9028
2026-04-20 01:27:28  INFO    Epoch 12/20  Batch 3300/4563  Loss 30.6150
2026-04-20 01:27:57  INFO    Epoch 12/20  Batch 3350/4563  Loss 23.4226
2026-04-20 01:28:26  INFO    Epoch 12/20  Batch 3400/4563  Loss 21.5491
2026-04-20 01:28:56  INFO    Epoch 12/20  Batch 3450/4563  Loss 22.1443
2026-04-20 01:29:25  INFO    Epoch 12/20  Batch 3500/4563  Loss 28.9739
2026-04-20 01:29:54  INFO    Epoch 12/20  Batch 3550/4563  Loss 26.6247
2026-04-20 01:30:23  INFO    Epoch 12/20  Batch 3600/4563  Loss 22.5172
2026-04-20 01:30:52  INFO    Epoch 12/20  Batch 3650/4563  Loss 36.1406
2026-04-20 01:31:22  INFO    Epoch 12/20  Batch 3700/4563  Loss 24.7764
2026-04-20 01:31:51  INFO    Epoch 12/20  Batch 3750/4563  Loss 25.1673
2026-04-20 01:32:20  INFO    Epoch 12/20  Batch 3800/4563  Loss 24.6426
2026-04-20 01:32:49  INFO    Epoch 12/20  Batch 3850/4563  Loss 15.7022
2026-04-20 01:33:19  INFO    Epoch 12/20  Batch 3900/4563  Loss 16.3700
2026-04-20 01:33:48  INFO    Epoch 12/20  Batch 3950/4563  Loss 27.7321
2026-04-20 01:34:17  INFO    Epoch 12/20  Batch 4000/4563  Loss 15.7714
2026-04-20 01:34:46  INFO    Epoch 12/20  Batch 4050/4563  Loss 18.7793
2026-04-20 01:35:16  INFO    Epoch 12/20  Batch 4100/4563  Loss 25.9648
2026-04-20 01:35:45  INFO    Epoch 12/20  Batch 4150/4563  Loss 22.7526
2026-04-20 01:36:14  INFO    Epoch 12/20  Batch 4200/4563  Loss 33.0033
2026-04-20 01:36:43  INFO    Epoch 12/20  Batch 4250/4563  Loss 19.3202
2026-04-20 01:37:12  INFO    Epoch 12/20  Batch 4300/4563  Loss 20.8694
2026-04-20 01:37:42  INFO    Epoch 12/20  Batch 4350/4563  Loss 17.5176
2026-04-20 01:38:11  INFO    Epoch 12/20  Batch 4400/4563  Loss 32.1453
2026-04-20 01:38:40  INFO    Epoch 12/20  Batch 4450/4563  Loss 23.5565
2026-04-20 01:39:09  INFO    Epoch 12/20  Batch 4500/4563  Loss 25.5157
2026-04-20 01:39:39  INFO    Epoch 12/20  Batch 4550/4563  Loss 31.9924
2026-04-20 01:46:41  INFO  Epoch 012/20 | Train MAE 6.723 | Val MAE 7.762 | ±3yr 28.2% | ±5yr 43.7% | 3085s
2026-04-20 01:46:41  INFO    ★  New best saved  (val_mae=7.7619)
2026-04-20 01:46:43  INFO    Epoch 13/20  Batch 0/4563  Loss 22.6308
2026-04-20 01:47:12  INFO    Epoch 13/20  Batch 50/4563  Loss 19.3931
2026-04-20 01:47:42  INFO    Epoch 13/20  Batch 100/4563  Loss 24.6045
2026-04-20 01:48:11  INFO    Epoch 13/20  Batch 150/4563  Loss 23.9673
2026-04-20 01:48:40  INFO    Epoch 13/20  Batch 200/4563  Loss 22.6441
2026-04-20 01:49:09  INFO    Epoch 13/20  Batch 250/4563  Loss 21.5877
2026-04-20 01:49:38  INFO    Epoch 13/20  Batch 300/4563  Loss 25.8517
2026-04-20 01:50:08  INFO    Epoch 13/20  Batch 350/4563  Loss 27.6341
2026-04-20 01:50:37  INFO    Epoch 13/20  Batch 400/4563  Loss 20.2936
2026-04-20 01:51:06  INFO    Epoch 13/20  Batch 450/4563  Loss 20.1707
2026-04-20 01:51:36  INFO    Epoch 13/20  Batch 500/4563  Loss 15.6304
2026-04-20 01:52:05  INFO    Epoch 13/20  Batch 550/4563  Loss 19.8804
2026-04-20 01:52:34  INFO    Epoch 13/20  Batch 600/4563  Loss 29.6943
2026-04-20 01:53:03  INFO    Epoch 13/20  Batch 650/4563  Loss 23.8266
2026-04-20 01:53:32  INFO    Epoch 13/20  Batch 700/4563  Loss 21.5745
2026-04-20 01:54:02  INFO    Epoch 13/20  Batch 750/4563  Loss 21.0551
2026-04-20 01:54:31  INFO    Epoch 13/20  Batch 800/4563  Loss 28.8637
2026-04-20 01:55:00  INFO    Epoch 13/20  Batch 850/4563  Loss 31.8356
2026-04-20 01:55:29  INFO    Epoch 13/20  Batch 900/4563  Loss 31.8351
2026-04-20 01:55:58  INFO    Epoch 13/20  Batch 950/4563  Loss 15.3759
2026-04-20 01:56:27  INFO    Epoch 13/20  Batch 1000/4563  Loss 14.1698
2026-04-20 01:56:56  INFO    Epoch 13/20  Batch 1050/4563  Loss 28.3331
2026-04-20 01:57:25  INFO    Epoch 13/20  Batch 1100/4563  Loss 35.0369
2026-04-20 01:57:54  INFO    Epoch 13/20  Batch 1150/4563  Loss 29.1483
2026-04-20 01:58:23  INFO    Epoch 13/20  Batch 1200/4563  Loss 47.4379
2026-04-20 01:58:52  INFO    Epoch 13/20  Batch 1250/4563  Loss 28.1172
2026-04-20 01:59:21  INFO    Epoch 13/20  Batch 1300/4563  Loss 23.1015
2026-04-20 01:59:50  INFO    Epoch 13/20  Batch 1350/4563  Loss 28.9445
2026-04-20 02:00:19  INFO    Epoch 13/20  Batch 1400/4563  Loss 18.0184
2026-04-20 02:00:48  INFO    Epoch 13/20  Batch 1450/4563  Loss 29.7132
2026-04-20 02:01:17  INFO    Epoch 13/20  Batch 1500/4563  Loss 20.9217
2026-04-20 02:01:46  INFO    Epoch 13/20  Batch 1550/4563  Loss 26.1619
2026-04-20 02:02:16  INFO    Epoch 13/20  Batch 1600/4563  Loss 25.6642
2026-04-20 02:02:45  INFO    Epoch 13/20  Batch 1650/4563  Loss 18.5620
2026-04-20 02:03:14  INFO    Epoch 13/20  Batch 1700/4563  Loss 21.9109
2026-04-20 02:03:43  INFO    Epoch 13/20  Batch 1750/4563  Loss 24.7479
2026-04-20 02:04:12  INFO    Epoch 13/20  Batch 1800/4563  Loss 23.9776
2026-04-20 02:04:42  INFO    Epoch 13/20  Batch 1850/4563  Loss 24.9744
2026-04-20 02:05:11  INFO    Epoch 13/20  Batch 1900/4563  Loss 22.0132
2026-04-20 02:05:40  INFO    Epoch 13/20  Batch 1950/4563  Loss 32.3558
2026-04-20 02:06:09  INFO    Epoch 13/20  Batch 2000/4563  Loss 23.4647
2026-04-20 02:06:38  INFO    Epoch 13/20  Batch 2050/4563  Loss 42.2484
2026-04-20 02:07:07  INFO    Epoch 13/20  Batch 2100/4563  Loss 33.4127
2026-04-20 02:07:36  INFO    Epoch 13/20  Batch 2150/4563  Loss 27.1352
2026-04-20 02:08:05  INFO    Epoch 13/20  Batch 2200/4563  Loss 22.6056
2026-04-20 02:08:34  INFO    Epoch 13/20  Batch 2250/4563  Loss 35.7749
2026-04-20 02:09:03  INFO    Epoch 13/20  Batch 2300/4563  Loss 16.7818
2026-04-20 02:09:32  INFO    Epoch 13/20  Batch 2350/4563  Loss 28.4203
2026-04-20 02:10:01  INFO    Epoch 13/20  Batch 2400/4563  Loss 17.7954
2026-04-20 02:10:30  INFO    Epoch 13/20  Batch 2450/4563  Loss 30.9288
2026-04-20 02:10:59  INFO    Epoch 13/20  Batch 2500/4563  Loss 27.1270
2026-04-20 02:11:28  INFO    Epoch 13/20  Batch 2550/4563  Loss 26.3317
2026-04-20 02:11:57  INFO    Epoch 13/20  Batch 2600/4563  Loss 24.6170
2026-04-20 02:12:26  INFO    Epoch 13/20  Batch 2650/4563  Loss 23.1128
2026-04-20 02:12:56  INFO    Epoch 13/20  Batch 2700/4563  Loss 16.9062
2026-04-20 02:13:25  INFO    Epoch 13/20  Batch 2750/4563  Loss 28.8470
2026-04-20 02:13:54  INFO    Epoch 13/20  Batch 2800/4563  Loss 18.8700
2026-04-20 02:14:24  INFO    Epoch 13/20  Batch 2850/4563  Loss 28.1035
2026-04-20 02:14:52  INFO    Epoch 13/20  Batch 2900/4563  Loss 18.1479
2026-04-20 02:15:21  INFO    Epoch 13/20  Batch 2950/4563  Loss 30.4619
2026-04-20 02:15:51  INFO    Epoch 13/20  Batch 3000/4563  Loss 26.5859
2026-04-20 02:16:20  INFO    Epoch 13/20  Batch 3050/4563  Loss 19.0129
2026-04-20 02:16:49  INFO    Epoch 13/20  Batch 3100/4563  Loss 24.0051
2026-04-20 02:17:18  INFO    Epoch 13/20  Batch 3150/4563  Loss 18.7396
2026-04-20 02:17:47  INFO    Epoch 13/20  Batch 3200/4563  Loss 33.8621
2026-04-20 02:18:17  INFO    Epoch 13/20  Batch 3250/4563  Loss 13.4359
2026-04-20 02:18:46  INFO    Epoch 13/20  Batch 3300/4563  Loss 14.2887
2026-04-20 02:19:15  INFO    Epoch 13/20  Batch 3350/4563  Loss 25.5933
2026-04-20 02:19:45  INFO    Epoch 13/20  Batch 3400/4563  Loss 31.9228
2026-04-20 02:20:14  INFO    Epoch 13/20  Batch 3450/4563  Loss 21.9870
2026-04-20 02:20:43  INFO    Epoch 13/20  Batch 3500/4563  Loss 25.4286
2026-04-20 02:21:12  INFO    Epoch 13/20  Batch 3550/4563  Loss 27.9408
2026-04-20 02:21:41  INFO    Epoch 13/20  Batch 3600/4563  Loss 23.7856
2026-04-20 02:22:10  INFO    Epoch 13/20  Batch 3650/4563  Loss 30.4828
2026-04-20 02:22:39  INFO    Epoch 13/20  Batch 3700/4563  Loss 18.2661
2026-04-20 02:23:09  INFO    Epoch 13/20  Batch 3750/4563  Loss 28.3817
2026-04-20 02:23:38  INFO    Epoch 13/20  Batch 3800/4563  Loss 15.5696
2026-04-20 02:24:07  INFO    Epoch 13/20  Batch 3850/4563  Loss 17.3811
2026-04-20 02:24:37  INFO    Epoch 13/20  Batch 3900/4563  Loss 16.7642
2026-04-20 02:25:06  INFO    Epoch 13/20  Batch 3950/4563  Loss 25.4991
2026-04-20 02:25:35  INFO    Epoch 13/20  Batch 4000/4563  Loss 35.2641
2026-04-20 02:26:04  INFO    Epoch 13/20  Batch 4050/4563  Loss 16.7416
2026-04-20 02:26:33  INFO    Epoch 13/20  Batch 4100/4563  Loss 18.3123
2026-04-20 02:27:02  INFO    Epoch 13/20  Batch 4150/4563  Loss 34.9813
2026-04-20 02:27:31  INFO    Epoch 13/20  Batch 4200/4563  Loss 27.1805
2026-04-20 02:28:00  INFO    Epoch 13/20  Batch 4250/4563  Loss 22.7113
2026-04-20 02:28:29  INFO    Epoch 13/20  Batch 4300/4563  Loss 23.3437
2026-04-20 02:28:58  INFO    Epoch 13/20  Batch 4350/4563  Loss 20.9364
2026-04-20 02:29:27  INFO    Epoch 13/20  Batch 4400/4563  Loss 24.4151
2026-04-20 02:29:56  INFO    Epoch 13/20  Batch 4450/4563  Loss 18.5083
2026-04-20 02:30:26  INFO    Epoch 13/20  Batch 4500/4563  Loss 21.4210
2026-04-20 02:30:55  INFO    Epoch 13/20  Batch 4550/4563  Loss 28.7400
2026-04-20 02:37:53  INFO  Epoch 013/20 | Train MAE 6.558 | Val MAE 7.885 | ±3yr 28.0% | ±5yr 43.5% | 3071s
2026-04-20 02:37:55  INFO    Epoch 14/20  Batch 0/4563  Loss 42.8666
2026-04-20 02:38:24  INFO    Epoch 14/20  Batch 50/4563  Loss 19.0295
2026-04-20 02:38:54  INFO    Epoch 14/20  Batch 100/4563  Loss 25.3457
2026-04-20 02:39:23  INFO    Epoch 14/20  Batch 150/4563  Loss 21.2806
2026-04-20 02:39:52  INFO    Epoch 14/20  Batch 200/4563  Loss 21.3163
2026-04-20 02:40:21  INFO    Epoch 14/20  Batch 250/4563  Loss 26.7613
2026-04-20 02:40:49  INFO    Epoch 14/20  Batch 300/4563  Loss 24.1520
2026-04-20 02:41:19  INFO    Epoch 14/20  Batch 350/4563  Loss 20.9714
2026-04-20 02:41:48  INFO    Epoch 14/20  Batch 400/4563  Loss 29.5644
2026-04-20 02:42:17  INFO    Epoch 14/20  Batch 450/4563  Loss 29.6207
2026-04-20 02:42:46  INFO    Epoch 14/20  Batch 500/4563  Loss 17.4134
2026-04-20 02:43:15  INFO    Epoch 14/20  Batch 550/4563  Loss 30.4369
2026-04-20 02:43:44  INFO    Epoch 14/20  Batch 600/4563  Loss 20.8624
2026-04-20 02:44:13  INFO    Epoch 14/20  Batch 650/4563  Loss 26.2643
2026-04-20 02:44:42  INFO    Epoch 14/20  Batch 700/4563  Loss 23.8028
2026-04-20 02:45:11  INFO    Epoch 14/20  Batch 750/4563  Loss 24.5788
2026-04-20 02:45:40  INFO    Epoch 14/20  Batch 800/4563  Loss 23.2851
2026-04-20 02:46:09  INFO    Epoch 14/20  Batch 850/4563  Loss 24.2976
2026-04-20 02:46:38  INFO    Epoch 14/20  Batch 900/4563  Loss 12.0002
2026-04-20 02:47:07  INFO    Epoch 14/20  Batch 950/4563  Loss 27.1469
2026-04-20 02:47:36  INFO    Epoch 14/20  Batch 1000/4563  Loss 20.2266
2026-04-20 02:48:04  INFO    Epoch 14/20  Batch 1050/4563  Loss 21.8280
2026-04-20 02:48:33  INFO    Epoch 14/20  Batch 1100/4563  Loss 22.4158
2026-04-20 02:49:03  INFO    Epoch 14/20  Batch 1150/4563  Loss 25.5613
2026-04-20 02:49:32  INFO    Epoch 14/20  Batch 1200/4563  Loss 18.0150
2026-04-20 02:50:01  INFO    Epoch 14/20  Batch 1250/4563  Loss 21.7545
2026-04-20 02:50:30  INFO    Epoch 14/20  Batch 1300/4563  Loss 15.5654
2026-04-20 02:50:59  INFO    Epoch 14/20  Batch 1350/4563  Loss 30.3443
2026-04-20 02:51:28  INFO    Epoch 14/20  Batch 1400/4563  Loss 21.1134
2026-04-20 02:51:57  INFO    Epoch 14/20  Batch 1450/4563  Loss 26.0934
2026-04-20 02:52:26  INFO    Epoch 14/20  Batch 1500/4563  Loss 22.3286
2026-04-20 02:52:55  INFO    Epoch 14/20  Batch 1550/4563  Loss 20.8359
2026-04-20 02:53:24  INFO    Epoch 14/20  Batch 1600/4563  Loss 24.1040
2026-04-20 02:53:53  INFO    Epoch 14/20  Batch 1650/4563  Loss 22.5422
2026-04-20 02:54:22  INFO    Epoch 14/20  Batch 1700/4563  Loss 21.6682
2026-04-20 02:54:51  INFO    Epoch 14/20  Batch 1750/4563  Loss 14.2249
2026-04-20 02:55:20  INFO    Epoch 14/20  Batch 1800/4563  Loss 15.4827
2026-04-20 02:55:49  INFO    Epoch 14/20  Batch 1850/4563  Loss 26.8289
2026-04-20 02:56:18  INFO    Epoch 14/20  Batch 1900/4563  Loss 28.8663
2026-04-20 02:56:47  INFO    Epoch 14/20  Batch 1950/4563  Loss 19.7769
2026-04-20 02:57:16  INFO    Epoch 14/20  Batch 2000/4563  Loss 23.5935
2026-04-20 02:57:45  INFO    Epoch 14/20  Batch 2050/4563  Loss 21.4007
2026-04-20 02:58:14  INFO    Epoch 14/20  Batch 2100/4563  Loss 11.5216
2026-04-20 02:58:43  INFO    Epoch 14/20  Batch 2150/4563  Loss 14.8394
2026-04-20 02:59:12  INFO    Epoch 14/20  Batch 2200/4563  Loss 23.8767
2026-04-20 02:59:41  INFO    Epoch 14/20  Batch 2250/4563  Loss 17.9242
2026-04-20 03:00:10  INFO    Epoch 14/20  Batch 2300/4563  Loss 21.4632
2026-04-20 03:00:39  INFO    Epoch 14/20  Batch 2350/4563  Loss 21.2411
2026-04-20 03:01:08  INFO    Epoch 14/20  Batch 2400/4563  Loss 16.7804
2026-04-20 03:01:38  INFO    Epoch 14/20  Batch 2450/4563  Loss 10.8845
2026-04-20 03:02:07  INFO    Epoch 14/20  Batch 2500/4563  Loss 21.3377
2026-04-20 03:02:36  INFO    Epoch 14/20  Batch 2550/4563  Loss 11.7409
2026-04-20 03:03:05  INFO    Epoch 14/20  Batch 2600/4563  Loss 28.5787
2026-04-20 03:03:34  INFO    Epoch 14/20  Batch 2650/4563  Loss 24.0191
2026-04-20 03:04:03  INFO    Epoch 14/20  Batch 2700/4563  Loss 20.8145
2026-04-20 03:04:32  INFO    Epoch 14/20  Batch 2750/4563  Loss 29.6317
2026-04-20 03:05:02  INFO    Epoch 14/20  Batch 2800/4563  Loss 25.6649
2026-04-20 03:05:32  INFO    Epoch 14/20  Batch 2850/4563  Loss 24.4350
2026-04-20 03:06:01  INFO    Epoch 14/20  Batch 2900/4563  Loss 24.8895
2026-04-20 03:06:30  INFO    Epoch 14/20  Batch 2950/4563  Loss 22.3058
2026-04-20 03:06:59  INFO    Epoch 14/20  Batch 3000/4563  Loss 10.5354
2026-04-20 03:07:29  INFO    Epoch 14/20  Batch 3050/4563  Loss 28.1129
2026-04-20 03:07:58  INFO    Epoch 14/20  Batch 3100/4563  Loss 20.9071
2026-04-20 03:08:28  INFO    Epoch 14/20  Batch 3150/4563  Loss 31.2289
2026-04-20 03:08:57  INFO    Epoch 14/20  Batch 3200/4563  Loss 20.0403
2026-04-20 03:09:26  INFO    Epoch 14/20  Batch 3250/4563  Loss 15.1023
2026-04-20 03:09:55  INFO    Epoch 14/20  Batch 3300/4563  Loss 28.9626
2026-04-20 03:10:24  INFO    Epoch 14/20  Batch 3350/4563  Loss 23.4472
2026-04-20 03:10:54  INFO    Epoch 14/20  Batch 3400/4563  Loss 14.4282
2026-04-20 03:11:23  INFO    Epoch 14/20  Batch 3450/4563  Loss 18.9755
2026-04-20 03:11:52  INFO    Epoch 14/20  Batch 3500/4563  Loss 15.8846
2026-04-20 03:12:21  INFO    Epoch 14/20  Batch 3550/4563  Loss 25.4077
2026-04-20 03:12:50  INFO    Epoch 14/20  Batch 3600/4563  Loss 19.2884
2026-04-20 03:13:20  INFO    Epoch 14/20  Batch 3650/4563  Loss 31.8053
2026-04-20 03:13:50  INFO    Epoch 14/20  Batch 3700/4563  Loss 20.0781
2026-04-20 03:14:19  INFO    Epoch 14/20  Batch 3750/4563  Loss 22.7082
2026-04-20 03:14:48  INFO    Epoch 14/20  Batch 3800/4563  Loss 15.2227
2026-04-20 03:15:17  INFO    Epoch 14/20  Batch 3850/4563  Loss 21.8421
2026-04-20 03:15:47  INFO    Epoch 14/20  Batch 3900/4563  Loss 18.0064
2026-04-20 03:16:15  INFO    Epoch 14/20  Batch 3950/4563  Loss 20.6611
2026-04-20 03:16:45  INFO    Epoch 14/20  Batch 4000/4563  Loss 18.6624
2026-04-20 03:17:14  INFO    Epoch 14/20  Batch 4050/4563  Loss 21.4406
2026-04-20 03:17:43  INFO    Epoch 14/20  Batch 4100/4563  Loss 22.9823
2026-04-20 03:18:13  INFO    Epoch 14/20  Batch 4150/4563  Loss 28.1639
2026-04-20 03:18:42  INFO    Epoch 14/20  Batch 4200/4563  Loss 32.2690
2026-04-20 03:19:11  INFO    Epoch 14/20  Batch 4250/4563  Loss 20.3276
2026-04-20 03:19:41  INFO    Epoch 14/20  Batch 4300/4563  Loss 17.9769
2026-04-20 03:20:10  INFO    Epoch 14/20  Batch 4350/4563  Loss 20.4502
2026-04-20 03:20:39  INFO    Epoch 14/20  Batch 4400/4563  Loss 25.8733
2026-04-20 03:21:09  INFO    Epoch 14/20  Batch 4450/4563  Loss 21.9671
2026-04-20 03:21:38  INFO    Epoch 14/20  Batch 4500/4563  Loss 15.8342
2026-04-20 03:22:08  INFO    Epoch 14/20  Batch 4550/4563  Loss 19.9830
2026-04-20 03:29:21  INFO  Epoch 014/20 | Train MAE 6.414 | Val MAE 7.691 | ±3yr 28.4% | ±5yr 44.1% | 3088s
2026-04-20 03:29:22  INFO    ★  New best saved  (val_mae=7.6913)
2026-04-20 03:29:24  INFO    Epoch 15/20  Batch 0/4563  Loss 30.5347
2026-04-20 03:29:53  INFO    Epoch 15/20  Batch 50/4563  Loss 30.5558
2026-04-20 03:30:22  INFO    Epoch 15/20  Batch 100/4563  Loss 22.0567
2026-04-20 03:30:52  INFO    Epoch 15/20  Batch 150/4563  Loss 15.6227
2026-04-20 03:31:21  INFO    Epoch 15/20  Batch 200/4563  Loss 30.3131
2026-04-20 03:31:50  INFO    Epoch 15/20  Batch 250/4563  Loss 38.8010
2026-04-20 03:32:19  INFO    Epoch 15/20  Batch 300/4563  Loss 13.3896
2026-04-20 03:32:49  INFO    Epoch 15/20  Batch 350/4563  Loss 20.5252
2026-04-20 03:33:18  INFO    Epoch 15/20  Batch 400/4563  Loss 23.2253
2026-04-20 03:33:47  INFO    Epoch 15/20  Batch 450/4563  Loss 16.4331
2026-04-20 03:34:16  INFO    Epoch 15/20  Batch 500/4563  Loss 27.7525
2026-04-20 03:34:45  INFO    Epoch 15/20  Batch 550/4563  Loss 18.8341
2026-04-20 03:35:14  INFO    Epoch 15/20  Batch 600/4563  Loss 12.9095
2026-04-20 03:35:44  INFO    Epoch 15/20  Batch 650/4563  Loss 15.4104
2026-04-20 03:36:13  INFO    Epoch 15/20  Batch 700/4563  Loss 18.2294
2026-04-20 03:36:42  INFO    Epoch 15/20  Batch 750/4563  Loss 17.5654
2026-04-20 03:37:11  INFO    Epoch 15/20  Batch 800/4563  Loss 32.2739
2026-04-20 03:37:40  INFO    Epoch 15/20  Batch 850/4563  Loss 26.0258
2026-04-20 03:38:08  INFO    Epoch 15/20  Batch 900/4563  Loss 22.0223
2026-04-20 03:38:38  INFO    Epoch 15/20  Batch 950/4563  Loss 20.8544
2026-04-20 03:39:08  INFO    Epoch 15/20  Batch 1000/4563  Loss 22.5023
2026-04-20 03:39:37  INFO    Epoch 15/20  Batch 1050/4563  Loss 30.8653
2026-04-20 03:40:06  INFO    Epoch 15/20  Batch 1100/4563  Loss 20.6058
2026-04-20 03:40:35  INFO    Epoch 15/20  Batch 1150/4563  Loss 24.8264
2026-04-20 03:41:04  INFO    Epoch 15/20  Batch 1200/4563  Loss 20.8949
2026-04-20 03:41:33  INFO    Epoch 15/20  Batch 1250/4563  Loss 18.9615
2026-04-20 03:42:02  INFO    Epoch 15/20  Batch 1300/4563  Loss 27.5010
2026-04-20 03:42:31  INFO    Epoch 15/20  Batch 1350/4563  Loss 16.4310
2026-04-20 03:43:01  INFO    Epoch 15/20  Batch 1400/4563  Loss 20.8943
2026-04-20 03:43:30  INFO    Epoch 15/20  Batch 1450/4563  Loss 24.9274
2026-04-20 03:43:59  INFO    Epoch 15/20  Batch 1500/4563  Loss 20.7989
2026-04-20 03:44:28  INFO    Epoch 15/20  Batch 1550/4563  Loss 24.7722
2026-04-20 03:44:57  INFO    Epoch 15/20  Batch 1600/4563  Loss 20.4698
2026-04-20 03:45:27  INFO    Epoch 15/20  Batch 1650/4563  Loss 15.8185
2026-04-20 03:45:56  INFO    Epoch 15/20  Batch 1700/4563  Loss 21.9257
2026-04-20 03:46:26  INFO    Epoch 15/20  Batch 1750/4563  Loss 21.1678
2026-04-20 03:46:55  INFO    Epoch 15/20  Batch 1800/4563  Loss 14.3698
2026-04-20 03:47:24  INFO    Epoch 15/20  Batch 1850/4563  Loss 15.1038
2026-04-20 03:47:54  INFO    Epoch 15/20  Batch 1900/4563  Loss 24.0225
2026-04-20 03:48:22  INFO    Epoch 15/20  Batch 1950/4563  Loss 26.5920
2026-04-20 03:48:51  INFO    Epoch 15/20  Batch 2000/4563  Loss 21.6023
2026-04-20 03:49:21  INFO    Epoch 15/20  Batch 2050/4563  Loss 18.6754
2026-04-20 03:49:50  INFO    Epoch 15/20  Batch 2100/4563  Loss 30.5328
2026-04-20 03:50:19  INFO    Epoch 15/20  Batch 2150/4563  Loss 33.2308
2026-04-20 03:50:48  INFO    Epoch 15/20  Batch 2200/4563  Loss 16.1386
2026-04-20 03:51:18  INFO    Epoch 15/20  Batch 2250/4563  Loss 23.7604
2026-04-20 03:51:47  INFO    Epoch 15/20  Batch 2300/4563  Loss 33.3446
2026-04-20 03:52:17  INFO    Epoch 15/20  Batch 2350/4563  Loss 17.3277
2026-04-20 03:52:46  INFO    Epoch 15/20  Batch 2400/4563  Loss 16.0497
2026-04-20 03:53:15  INFO    Epoch 15/20  Batch 2450/4563  Loss 19.1394
2026-04-20 03:53:44  INFO    Epoch 15/20  Batch 2500/4563  Loss 24.5182
2026-04-20 03:54:13  INFO    Epoch 15/20  Batch 2550/4563  Loss 22.2265
2026-04-20 03:54:42  INFO    Epoch 15/20  Batch 2600/4563  Loss 23.1081
2026-04-20 03:55:11  INFO    Epoch 15/20  Batch 2650/4563  Loss 19.4438
2026-04-20 03:55:40  INFO    Epoch 15/20  Batch 2700/4563  Loss 16.4620
2026-04-20 03:56:09  INFO    Epoch 15/20  Batch 2750/4563  Loss 29.1245
2026-04-20 03:56:38  INFO    Epoch 15/20  Batch 2800/4563  Loss 22.7492
2026-04-20 03:57:07  INFO    Epoch 15/20  Batch 2850/4563  Loss 22.6612
2026-04-20 03:57:36  INFO    Epoch 15/20  Batch 2900/4563  Loss 17.6861
2026-04-20 03:58:06  INFO    Epoch 15/20  Batch 2950/4563  Loss 18.8823
2026-04-20 03:58:35  INFO    Epoch 15/20  Batch 3000/4563  Loss 25.5955
2026-04-20 03:59:04  INFO    Epoch 15/20  Batch 3050/4563  Loss 25.8708
2026-04-20 03:59:33  INFO    Epoch 15/20  Batch 3100/4563  Loss 19.7049
2026-04-20 04:00:02  INFO    Epoch 15/20  Batch 3150/4563  Loss 20.8171
2026-04-20 04:00:31  INFO    Epoch 15/20  Batch 3200/4563  Loss 16.8879
2026-04-20 04:01:00  INFO    Epoch 15/20  Batch 3250/4563  Loss 23.6987
2026-04-20 04:01:29  INFO    Epoch 15/20  Batch 3300/4563  Loss 18.9862
2026-04-20 04:01:59  INFO    Epoch 15/20  Batch 3350/4563  Loss 19.4175
2026-04-20 04:02:28  INFO    Epoch 15/20  Batch 3400/4563  Loss 19.2542
2026-04-20 04:02:58  INFO    Epoch 15/20  Batch 3450/4563  Loss 23.8646
2026-04-20 04:03:27  INFO    Epoch 15/20  Batch 3500/4563  Loss 20.8726
2026-04-20 04:03:56  INFO    Epoch 15/20  Batch 3550/4563  Loss 23.0882
2026-04-20 04:04:25  INFO    Epoch 15/20  Batch 3600/4563  Loss 30.1295
2026-04-20 04:04:54  INFO    Epoch 15/20  Batch 3650/4563  Loss 25.4967
2026-04-20 04:05:23  INFO    Epoch 15/20  Batch 3700/4563  Loss 13.7675
2026-04-20 04:05:52  INFO    Epoch 15/20  Batch 3750/4563  Loss 20.8070
2026-04-20 04:06:21  INFO    Epoch 15/20  Batch 3800/4563  Loss 30.3128
2026-04-20 04:06:51  INFO    Epoch 15/20  Batch 3850/4563  Loss 25.6826
2026-04-20 04:07:20  INFO    Epoch 15/20  Batch 3900/4563  Loss 19.9810
2026-04-20 04:07:50  INFO    Epoch 15/20  Batch 3950/4563  Loss 13.6960
2026-04-20 04:08:19  INFO    Epoch 15/20  Batch 4000/4563  Loss 16.6581
2026-04-20 04:08:48  INFO    Epoch 15/20  Batch 4050/4563  Loss 26.0359
2026-04-20 04:09:17  INFO    Epoch 15/20  Batch 4100/4563  Loss 12.7961
2026-04-20 04:09:46  INFO    Epoch 15/20  Batch 4150/4563  Loss 22.6773
2026-04-20 04:10:15  INFO    Epoch 15/20  Batch 4200/4563  Loss 23.0488
2026-04-20 04:10:45  INFO    Epoch 15/20  Batch 4250/4563  Loss 22.2813
2026-04-20 04:11:15  INFO    Epoch 15/20  Batch 4300/4563  Loss 20.1589
2026-04-20 04:11:43  INFO    Epoch 15/20  Batch 4350/4563  Loss 16.0916
2026-04-20 04:12:13  INFO    Epoch 15/20  Batch 4400/4563  Loss 18.6829
2026-04-20 04:12:42  INFO    Epoch 15/20  Batch 4450/4563  Loss 16.5006
2026-04-20 04:13:12  INFO    Epoch 15/20  Batch 4500/4563  Loss 27.7551
2026-04-20 04:13:41  INFO    Epoch 15/20  Batch 4550/4563  Loss 16.4791
2026-04-20 04:20:39  INFO  Epoch 015/20 | Train MAE 6.288 | Val MAE 7.671 | ±3yr 28.7% | ±5yr 44.5% | 3076s
2026-04-20 04:20:39  INFO    ★  New best saved  (val_mae=7.6708)
2026-04-20 04:20:41  INFO    Epoch 16/20  Batch 0/4563  Loss 21.9920
2026-04-20 04:21:10  INFO    Epoch 16/20  Batch 50/4563  Loss 33.3263
2026-04-20 04:21:40  INFO    Epoch 16/20  Batch 100/4563  Loss 20.7492
2026-04-20 04:22:09  INFO    Epoch 16/20  Batch 150/4563  Loss 24.2614
2026-04-20 04:22:38  INFO    Epoch 16/20  Batch 200/4563  Loss 12.5799
2026-04-20 04:23:07  INFO    Epoch 16/20  Batch 250/4563  Loss 23.2576
2026-04-20 04:23:36  INFO    Epoch 16/20  Batch 300/4563  Loss 24.8613
2026-04-20 04:24:06  INFO    Epoch 16/20  Batch 350/4563  Loss 25.2299
2026-04-20 04:24:35  INFO    Epoch 16/20  Batch 400/4563  Loss 19.8045
2026-04-20 04:25:04  INFO    Epoch 16/20  Batch 450/4563  Loss 16.8003
2026-04-20 04:25:33  INFO    Epoch 16/20  Batch 500/4563  Loss 41.2616
2026-04-20 04:26:03  INFO    Epoch 16/20  Batch 550/4563  Loss 21.4333
2026-04-20 04:26:32  INFO    Epoch 16/20  Batch 600/4563  Loss 16.2719
2026-04-20 04:27:01  INFO    Epoch 16/20  Batch 650/4563  Loss 26.0092
2026-04-20 04:27:31  INFO    Epoch 16/20  Batch 700/4563  Loss 26.1805
2026-04-20 04:28:00  INFO    Epoch 16/20  Batch 750/4563  Loss 31.0951
2026-04-20 04:28:29  INFO    Epoch 16/20  Batch 800/4563  Loss 19.1199
2026-04-20 04:28:58  INFO    Epoch 16/20  Batch 850/4563  Loss 12.5267
2026-04-20 04:29:27  INFO    Epoch 16/20  Batch 900/4563  Loss 22.6883
2026-04-20 04:29:56  INFO    Epoch 16/20  Batch 950/4563  Loss 22.4418
2026-04-20 04:30:25  INFO    Epoch 16/20  Batch 1000/4563  Loss 20.4493
2026-04-20 04:30:55  INFO    Epoch 16/20  Batch 1050/4563  Loss 18.5283
2026-04-20 04:31:24  INFO    Epoch 16/20  Batch 1100/4563  Loss 19.7262
2026-04-20 04:31:53  INFO    Epoch 16/20  Batch 1150/4563  Loss 41.7615
2026-04-20 04:32:22  INFO    Epoch 16/20  Batch 1200/4563  Loss 20.9055
2026-04-20 04:32:51  INFO    Epoch 16/20  Batch 1250/4563  Loss 33.6684
2026-04-20 04:33:20  INFO    Epoch 16/20  Batch 1300/4563  Loss 21.9892
2026-04-20 04:33:49  INFO    Epoch 16/20  Batch 1350/4563  Loss 17.1196
2026-04-20 04:34:18  INFO    Epoch 16/20  Batch 1400/4563  Loss 24.6890
2026-04-20 04:34:47  INFO    Epoch 16/20  Batch 1450/4563  Loss 14.0393
2026-04-20 04:35:17  INFO    Epoch 16/20  Batch 1500/4563  Loss 31.4731
2026-04-20 04:35:47  INFO    Epoch 16/20  Batch 1550/4563  Loss 11.4313
2026-04-20 04:36:16  INFO    Epoch 16/20  Batch 1600/4563  Loss 22.8766
2026-04-20 04:36:46  INFO    Epoch 16/20  Batch 1650/4563  Loss 28.5396
2026-04-20 04:37:14  INFO    Epoch 16/20  Batch 1700/4563  Loss 19.6453
2026-04-20 04:37:44  INFO    Epoch 16/20  Batch 1750/4563  Loss 26.8472
2026-04-20 04:38:13  INFO    Epoch 16/20  Batch 1800/4563  Loss 15.4116
2026-04-20 04:38:41  INFO    Epoch 16/20  Batch 1850/4563  Loss 30.8125
2026-04-20 04:39:10  INFO    Epoch 16/20  Batch 1900/4563  Loss 26.9413
2026-04-20 04:39:40  INFO    Epoch 16/20  Batch 1950/4563  Loss 22.2229
2026-04-20 04:40:08  INFO    Epoch 16/20  Batch 2000/4563  Loss 20.6699
2026-04-20 04:40:38  INFO    Epoch 16/20  Batch 2050/4563  Loss 21.4854
2026-04-20 04:41:07  INFO    Epoch 16/20  Batch 2100/4563  Loss 15.6415
2026-04-20 04:41:36  INFO    Epoch 16/20  Batch 2150/4563  Loss 21.1598
2026-04-20 04:42:05  INFO    Epoch 16/20  Batch 2200/4563  Loss 23.3469
2026-04-20 04:42:34  INFO    Epoch 16/20  Batch 2250/4563  Loss 17.4985
2026-04-20 04:43:03  INFO    Epoch 16/20  Batch 2300/4563  Loss 21.2375
2026-04-20 04:43:32  INFO    Epoch 16/20  Batch 2350/4563  Loss 26.1133
2026-04-20 04:44:02  INFO    Epoch 16/20  Batch 2400/4563  Loss 24.3669
2026-04-20 04:44:30  INFO    Epoch 16/20  Batch 2450/4563  Loss 20.6929
2026-04-20 04:44:59  INFO    Epoch 16/20  Batch 2500/4563  Loss 19.1555
2026-04-20 04:45:28  INFO    Epoch 16/20  Batch 2550/4563  Loss 22.6168
2026-04-20 04:45:57  INFO    Epoch 16/20  Batch 2600/4563  Loss 14.3068
2026-04-20 04:46:26  INFO    Epoch 16/20  Batch 2650/4563  Loss 22.6238
2026-04-20 04:46:56  INFO    Epoch 16/20  Batch 2700/4563  Loss 20.9745
2026-04-20 04:47:24  INFO    Epoch 16/20  Batch 2750/4563  Loss 20.3635
2026-04-20 04:47:53  INFO    Epoch 16/20  Batch 2800/4563  Loss 25.7170
2026-04-20 04:48:22  INFO    Epoch 16/20  Batch 2850/4563  Loss 19.3834
2026-04-20 04:48:51  INFO    Epoch 16/20  Batch 2900/4563  Loss 22.5562
2026-04-20 04:49:21  INFO    Epoch 16/20  Batch 2950/4563  Loss 13.5518
2026-04-20 04:49:50  INFO    Epoch 16/20  Batch 3000/4563  Loss 16.0167
2026-04-20 04:50:19  INFO    Epoch 16/20  Batch 3050/4563  Loss 15.0766
2026-04-20 04:50:48  INFO    Epoch 16/20  Batch 3100/4563  Loss 29.2130
2026-04-20 04:51:17  INFO    Epoch 16/20  Batch 3150/4563  Loss 15.9324
2026-04-20 04:51:46  INFO    Epoch 16/20  Batch 3200/4563  Loss 11.3903
2026-04-20 04:52:16  INFO    Epoch 16/20  Batch 3250/4563  Loss 24.4367
2026-04-20 04:52:45  INFO    Epoch 16/20  Batch 3300/4563  Loss 18.3463
2026-04-20 04:53:14  INFO    Epoch 16/20  Batch 3350/4563  Loss 24.7619
2026-04-20 04:53:43  INFO    Epoch 16/20  Batch 3400/4563  Loss 20.2689
2026-04-20 04:54:12  INFO    Epoch 16/20  Batch 3450/4563  Loss 19.8092
2026-04-20 04:54:41  INFO    Epoch 16/20  Batch 3500/4563  Loss 27.8038
2026-04-20 04:55:10  INFO    Epoch 16/20  Batch 3550/4563  Loss 18.9572
2026-04-20 04:55:40  INFO    Epoch 16/20  Batch 3600/4563  Loss 20.8211
2026-04-20 04:56:09  INFO    Epoch 16/20  Batch 3650/4563  Loss 21.8969
2026-04-20 04:56:38  INFO    Epoch 16/20  Batch 3700/4563  Loss 16.2859
2026-04-20 04:57:07  INFO    Epoch 16/20  Batch 3750/4563  Loss 21.0336
2026-04-20 04:57:36  INFO    Epoch 16/20  Batch 3800/4563  Loss 11.8967
2026-04-20 04:58:05  INFO    Epoch 16/20  Batch 3850/4563  Loss 27.8116
2026-04-20 04:58:34  INFO    Epoch 16/20  Batch 3900/4563  Loss 28.0625
2026-04-20 04:59:03  INFO    Epoch 16/20  Batch 3950/4563  Loss 14.3562
2026-04-20 04:59:32  INFO    Epoch 16/20  Batch 4000/4563  Loss 23.7055
2026-04-20 05:00:01  INFO    Epoch 16/20  Batch 4050/4563  Loss 16.5868
2026-04-20 05:00:31  INFO    Epoch 16/20  Batch 4100/4563  Loss 27.0251
2026-04-20 05:01:00  INFO    Epoch 16/20  Batch 4150/4563  Loss 15.1378
2026-04-20 05:01:29  INFO    Epoch 16/20  Batch 4200/4563  Loss 20.9404
2026-04-20 05:01:58  INFO    Epoch 16/20  Batch 4250/4563  Loss 26.8442
2026-04-20 05:02:27  INFO    Epoch 16/20  Batch 4300/4563  Loss 25.0071
2026-04-20 05:02:56  INFO    Epoch 16/20  Batch 4350/4563  Loss 28.7644
2026-04-20 05:03:25  INFO    Epoch 16/20  Batch 4400/4563  Loss 15.0851
2026-04-20 05:03:54  INFO    Epoch 16/20  Batch 4450/4563  Loss 17.3789
2026-04-20 05:04:24  INFO    Epoch 16/20  Batch 4500/4563  Loss 24.4703
2026-04-20 05:04:52  INFO    Epoch 16/20  Batch 4550/4563  Loss 28.5091
2026-04-20 05:11:47  INFO  Epoch 016/20 | Train MAE 6.166 | Val MAE 7.765 | ±3yr 27.7% | ±5yr 43.4% | 3067s
2026-04-20 05:11:49  INFO    Epoch 17/20  Batch 0/4563  Loss 15.9093
2026-04-20 05:12:18  INFO    Epoch 17/20  Batch 50/4563  Loss 17.5855
2026-04-20 05:12:48  INFO    Epoch 17/20  Batch 100/4563  Loss 26.1252
2026-04-20 05:13:17  INFO    Epoch 17/20  Batch 150/4563  Loss 21.6157
2026-04-20 05:13:46  INFO    Epoch 17/20  Batch 200/4563  Loss 18.3348
2026-04-20 05:14:15  INFO    Epoch 17/20  Batch 250/4563  Loss 25.6688
2026-04-20 05:14:44  INFO    Epoch 17/20  Batch 300/4563  Loss 23.2640
2026-04-20 05:15:14  INFO    Epoch 17/20  Batch 350/4563  Loss 20.8892
2026-04-20 05:15:43  INFO    Epoch 17/20  Batch 400/4563  Loss 23.8983
2026-04-20 05:16:12  INFO    Epoch 17/20  Batch 450/4563  Loss 35.2194
2026-04-20 05:16:42  INFO    Epoch 17/20  Batch 500/4563  Loss 26.1401
2026-04-20 05:17:11  INFO    Epoch 17/20  Batch 550/4563  Loss 29.5913
2026-04-20 05:17:40  INFO    Epoch 17/20  Batch 600/4563  Loss 22.3239
2026-04-20 05:18:09  INFO    Epoch 17/20  Batch 650/4563  Loss 17.8531
2026-04-20 05:18:39  INFO    Epoch 17/20  Batch 700/4563  Loss 21.5493
2026-04-20 05:19:08  INFO    Epoch 17/20  Batch 750/4563  Loss 16.7775
2026-04-20 05:19:37  INFO    Epoch 17/20  Batch 800/4563  Loss 23.6038
2026-04-20 05:20:06  INFO    Epoch 17/20  Batch 850/4563  Loss 19.5881
2026-04-20 05:20:35  INFO    Epoch 17/20  Batch 900/4563  Loss 23.4258
2026-04-20 05:21:04  INFO    Epoch 17/20  Batch 950/4563  Loss 27.7230
2026-04-20 05:21:33  INFO    Epoch 17/20  Batch 1000/4563  Loss 22.1786
2026-04-20 05:22:02  INFO    Epoch 17/20  Batch 1050/4563  Loss 18.4197
2026-04-20 05:22:31  INFO    Epoch 17/20  Batch 1100/4563  Loss 21.8741
2026-04-20 05:23:00  INFO    Epoch 17/20  Batch 1150/4563  Loss 21.3449
2026-04-20 05:23:29  INFO    Epoch 17/20  Batch 1200/4563  Loss 15.9580
2026-04-20 05:23:58  INFO    Epoch 17/20  Batch 1250/4563  Loss 25.0600
2026-04-20 05:24:28  INFO    Epoch 17/20  Batch 1300/4563  Loss 26.3730
2026-04-20 05:25:03  INFO    Epoch 17/20  Batch 1350/4563  Loss 15.7642
2026-04-20 05:25:36  INFO    Epoch 17/20  Batch 1400/4563  Loss 18.8500
2026-04-20 05:26:10  INFO    Epoch 17/20  Batch 1450/4563  Loss 26.2808
2026-04-20 05:26:44  INFO    Epoch 17/20  Batch 1500/4563  Loss 22.3770
2026-04-20 05:27:14  INFO    Epoch 17/20  Batch 1550/4563  Loss 19.1282
2026-04-20 05:27:48  INFO    Epoch 17/20  Batch 1600/4563  Loss 21.3369
2026-04-20 05:28:20  INFO    Epoch 17/20  Batch 1650/4563  Loss 21.9650
2026-04-20 05:28:53  INFO    Epoch 17/20  Batch 1700/4563  Loss 30.4769
2026-04-20 05:29:27  INFO    Epoch 17/20  Batch 1750/4563  Loss 17.6704
2026-04-20 05:29:59  INFO    Epoch 17/20  Batch 1800/4563  Loss 21.2190
2026-04-20 05:30:32  INFO    Epoch 17/20  Batch 1850/4563  Loss 19.5271
2026-04-20 05:31:07  INFO    Epoch 17/20  Batch 1900/4563  Loss 30.1992
2026-04-20 05:31:42  INFO    Epoch 17/20  Batch 1950/4563  Loss 23.2683
2026-04-20 05:32:17  INFO    Epoch 17/20  Batch 2000/4563  Loss 16.5996
2026-04-20 05:32:52  INFO    Epoch 17/20  Batch 2050/4563  Loss 20.5064
2026-04-20 05:33:29  INFO    Epoch 17/20  Batch 2100/4563  Loss 18.1510
2026-04-20 05:34:04  INFO    Epoch 17/20  Batch 2150/4563  Loss 17.5686
2026-04-20 05:34:40  INFO    Epoch 17/20  Batch 2200/4563  Loss 18.5804
2026-04-20 05:35:15  INFO    Epoch 17/20  Batch 2250/4563  Loss 27.6543
2026-04-20 05:35:51  INFO    Epoch 17/20  Batch 2300/4563  Loss 20.2477
2026-04-20 05:36:25  INFO    Epoch 17/20  Batch 2350/4563  Loss 22.0325
2026-04-20 05:37:02  INFO    Epoch 17/20  Batch 2400/4563  Loss 27.3119
2026-04-20 05:37:37  INFO    Epoch 17/20  Batch 2450/4563  Loss 29.1383
2026-04-20 05:38:12  INFO    Epoch 17/20  Batch 2500/4563  Loss 26.4196
2026-04-20 05:38:47  INFO    Epoch 17/20  Batch 2550/4563  Loss 15.5849
2026-04-20 05:39:21  INFO    Epoch 17/20  Batch 2600/4563  Loss 15.9656
2026-04-20 05:39:55  INFO    Epoch 17/20  Batch 2650/4563  Loss 23.3796
2026-04-20 05:40:30  INFO    Epoch 17/20  Batch 2700/4563  Loss 15.9942
2026-04-20 05:41:05  INFO    Epoch 17/20  Batch 2750/4563  Loss 22.7653
2026-04-20 05:41:39  INFO    Epoch 17/20  Batch 2800/4563  Loss 20.8550
2026-04-20 05:42:12  INFO    Epoch 17/20  Batch 2850/4563  Loss 14.8935
2026-04-20 05:42:45  INFO    Epoch 17/20  Batch 2900/4563  Loss 15.2258
2026-04-20 05:43:20  INFO    Epoch 17/20  Batch 2950/4563  Loss 21.6238
2026-04-20 05:43:55  INFO    Epoch 17/20  Batch 3000/4563  Loss 19.9217
2026-04-20 05:44:30  INFO    Epoch 17/20  Batch 3050/4563  Loss 23.7421
2026-04-20 05:45:04  INFO    Epoch 17/20  Batch 3100/4563  Loss 20.1558
2026-04-20 05:45:38  INFO    Epoch 17/20  Batch 3150/4563  Loss 17.2739
2026-04-20 05:46:12  INFO    Epoch 17/20  Batch 3200/4563  Loss 17.7970
2026-04-20 05:46:45  INFO    Epoch 17/20  Batch 3250/4563  Loss 13.0746
2026-04-20 05:47:18  INFO    Epoch 17/20  Batch 3300/4563  Loss 15.7187
2026-04-20 05:47:50  INFO    Epoch 17/20  Batch 3350/4563  Loss 13.0533
2026-04-20 05:48:24  INFO    Epoch 17/20  Batch 3400/4563  Loss 24.5043
2026-04-20 05:48:59  INFO    Epoch 17/20  Batch 3450/4563  Loss 22.1456
2026-04-20 05:49:34  INFO    Epoch 17/20  Batch 3500/4563  Loss 12.4384
2026-04-20 05:50:07  INFO    Epoch 17/20  Batch 3550/4563  Loss 12.4662
2026-04-20 05:50:41  INFO    Epoch 17/20  Batch 3600/4563  Loss 14.8565
2026-04-20 05:51:16  INFO    Epoch 17/20  Batch 3650/4563  Loss 17.1004
2026-04-20 05:51:50  INFO    Epoch 17/20  Batch 3700/4563  Loss 18.5598
2026-04-20 05:52:24  INFO    Epoch 17/20  Batch 3750/4563  Loss 17.4126
2026-04-20 05:52:56  INFO    Epoch 17/20  Batch 3800/4563  Loss 21.6637
2026-04-20 05:53:30  INFO    Epoch 17/20  Batch 3850/4563  Loss 17.8537
2026-04-20 05:54:02  INFO    Epoch 17/20  Batch 3900/4563  Loss 20.1523
2026-04-20 05:54:36  INFO    Epoch 17/20  Batch 3950/4563  Loss 17.3416
2026-04-20 05:55:11  INFO    Epoch 17/20  Batch 4000/4563  Loss 19.3152
2026-04-20 05:55:44  INFO    Epoch 17/20  Batch 4050/4563  Loss 19.8982
2026-04-20 05:56:18  INFO    Epoch 17/20  Batch 4100/4563  Loss 16.2760
2026-04-20 05:56:51  INFO    Epoch 17/20  Batch 4150/4563  Loss 16.6123
2026-04-20 05:57:24  INFO    Epoch 17/20  Batch 4200/4563  Loss 15.0547
2026-04-20 05:57:59  INFO    Epoch 17/20  Batch 4250/4563  Loss 33.2334
2026-04-20 05:58:34  INFO    Epoch 17/20  Batch 4300/4563  Loss 21.4571
2026-04-20 05:59:07  INFO    Epoch 17/20  Batch 4350/4563  Loss 15.8708
2026-04-20 05:59:41  INFO    Epoch 17/20  Batch 4400/4563  Loss 22.6030
2026-04-20 06:00:14  INFO    Epoch 17/20  Batch 4450/4563  Loss 19.2580
2026-04-20 06:00:47  INFO    Epoch 17/20  Batch 4500/4563  Loss 21.6412
2026-04-20 06:01:22  INFO    Epoch 17/20  Batch 4550/4563  Loss 36.8712
2026-04-20 06:10:24  INFO  Epoch 017/20 | Train MAE 6.041 | Val MAE 7.456 | ±3yr 29.6% | ±5yr 45.7% | 3516s
2026-04-20 06:10:24  INFO    ★  New best saved  (val_mae=7.4560)
2026-04-20 06:10:27  INFO    Epoch 18/20  Batch 0/4563  Loss 13.8110
2026-04-20 06:11:00  INFO    Epoch 18/20  Batch 50/4563  Loss 20.2839
2026-04-20 06:11:35  INFO    Epoch 18/20  Batch 100/4563  Loss 16.1862
2026-04-20 06:12:09  INFO    Epoch 18/20  Batch 150/4563  Loss 17.1148
2026-04-20 06:12:43  INFO    Epoch 18/20  Batch 200/4563  Loss 32.1114
2026-04-20 06:13:17  INFO    Epoch 18/20  Batch 250/4563  Loss 22.6582
2026-04-20 06:13:50  INFO    Epoch 18/20  Batch 300/4563  Loss 21.5597
2026-04-20 06:14:22  INFO    Epoch 18/20  Batch 350/4563  Loss 17.1619
2026-04-20 06:14:57  INFO    Epoch 18/20  Batch 400/4563  Loss 33.0775
2026-04-20 06:15:29  INFO    Epoch 18/20  Batch 450/4563  Loss 11.1216
2026-04-20 06:16:03  INFO    Epoch 18/20  Batch 500/4563  Loss 22.9622
2026-04-20 06:16:37  INFO    Epoch 18/20  Batch 550/4563  Loss 23.0898
2026-04-20 06:17:12  INFO    Epoch 18/20  Batch 600/4563  Loss 11.5622
2026-04-20 06:17:44  INFO    Epoch 18/20  Batch 650/4563  Loss 18.4796
2026-04-20 06:18:17  INFO    Epoch 18/20  Batch 700/4563  Loss 21.8200
2026-04-20 06:18:53  INFO    Epoch 18/20  Batch 750/4563  Loss 15.5244
2026-04-20 06:19:27  INFO    Epoch 18/20  Batch 800/4563  Loss 27.7671
2026-04-20 06:20:00  INFO    Epoch 18/20  Batch 850/4563  Loss 41.2096
2026-04-20 06:20:35  INFO    Epoch 18/20  Batch 900/4563  Loss 13.9119
2026-04-20 06:21:09  INFO    Epoch 18/20  Batch 950/4563  Loss 27.1748
2026-04-20 06:21:43  INFO    Epoch 18/20  Batch 1000/4563  Loss 18.2646
2026-04-20 06:22:19  INFO    Epoch 18/20  Batch 1050/4563  Loss 20.8112
2026-04-20 06:22:53  INFO    Epoch 18/20  Batch 1100/4563  Loss 17.0279
2026-04-20 06:23:30  INFO    Epoch 18/20  Batch 1150/4563  Loss 30.9977
2026-04-20 06:24:05  INFO    Epoch 18/20  Batch 1200/4563  Loss 18.6509
2026-04-20 06:24:37  INFO    Epoch 18/20  Batch 1250/4563  Loss 28.2117
2026-04-20 06:25:10  INFO    Epoch 18/20  Batch 1300/4563  Loss 15.5817
2026-04-20 06:25:44  INFO    Epoch 18/20  Batch 1350/4563  Loss 23.1775
2026-04-20 06:26:18  INFO    Epoch 18/20  Batch 1400/4563  Loss 20.6032
2026-04-20 06:26:51  INFO    Epoch 18/20  Batch 1450/4563  Loss 20.9967
2026-04-20 06:27:25  INFO    Epoch 18/20  Batch 1500/4563  Loss 18.0970
2026-04-20 06:28:00  INFO    Epoch 18/20  Batch 1550/4563  Loss 19.8613
2026-04-20 06:28:34  INFO    Epoch 18/20  Batch 1600/4563  Loss 16.8508
2026-04-20 06:29:08  INFO    Epoch 18/20  Batch 1650/4563  Loss 26.5029
2026-04-20 06:29:43  INFO    Epoch 18/20  Batch 1700/4563  Loss 15.5319
2026-04-20 06:30:17  INFO    Epoch 18/20  Batch 1750/4563  Loss 22.7995
2026-04-20 06:30:50  INFO    Epoch 18/20  Batch 1800/4563  Loss 16.7022
2026-04-20 06:31:26  INFO    Epoch 18/20  Batch 1850/4563  Loss 27.3250
2026-04-20 06:32:01  INFO    Epoch 18/20  Batch 1900/4563  Loss 17.9594
2026-04-20 06:32:35  INFO    Epoch 18/20  Batch 1950/4563  Loss 22.6870
2026-04-20 06:33:09  INFO    Epoch 18/20  Batch 2000/4563  Loss 27.0621
2026-04-20 06:33:42  INFO    Epoch 18/20  Batch 2050/4563  Loss 14.9317
2026-04-20 06:34:17  INFO    Epoch 18/20  Batch 2100/4563  Loss 27.8100
2026-04-20 06:34:52  INFO    Epoch 18/20  Batch 2150/4563  Loss 22.3034
2026-04-20 06:35:27  INFO    Epoch 18/20  Batch 2200/4563  Loss 11.8813
2026-04-20 06:36:02  INFO    Epoch 18/20  Batch 2250/4563  Loss 13.6776
2026-04-20 06:36:36  INFO    Epoch 18/20  Batch 2300/4563  Loss 19.6247
2026-04-20 06:37:09  INFO    Epoch 18/20  Batch 2350/4563  Loss 21.3436
2026-04-20 06:37:43  INFO    Epoch 18/20  Batch 2400/4563  Loss 19.0194
2026-04-20 06:38:16  INFO    Epoch 18/20  Batch 2450/4563  Loss 12.8320
2026-04-20 06:38:50  INFO    Epoch 18/20  Batch 2500/4563  Loss 24.6822
2026-04-20 06:39:25  INFO    Epoch 18/20  Batch 2550/4563  Loss 13.9431
2026-04-20 06:40:01  INFO    Epoch 18/20  Batch 2600/4563  Loss 25.0586
2026-04-20 06:40:35  INFO    Epoch 18/20  Batch 2650/4563  Loss 19.1898
2026-04-20 06:41:09  INFO    Epoch 18/20  Batch 2700/4563  Loss 28.2542
2026-04-20 06:41:43  INFO    Epoch 18/20  Batch 2750/4563  Loss 18.0731
2026-04-20 06:42:15  INFO    Epoch 18/20  Batch 2800/4563  Loss 19.2386
2026-04-20 06:42:50  INFO    Epoch 18/20  Batch 2850/4563  Loss 23.2825
2026-04-20 06:43:24  INFO    Epoch 18/20  Batch 2900/4563  Loss 20.6537
2026-04-20 06:43:59  INFO    Epoch 18/20  Batch 2950/4563  Loss 18.2506
2026-04-20 06:44:34  INFO    Epoch 18/20  Batch 3000/4563  Loss 13.8138
2026-04-20 06:45:07  INFO    Epoch 18/20  Batch 3050/4563  Loss 12.3729
2026-04-20 06:45:42  INFO    Epoch 18/20  Batch 3100/4563  Loss 24.5159
2026-04-20 06:46:16  INFO    Epoch 18/20  Batch 3150/4563  Loss 23.6973
2026-04-20 06:46:50  INFO    Epoch 18/20  Batch 3200/4563  Loss 26.2867
2026-04-20 06:47:24  INFO    Epoch 18/20  Batch 3250/4563  Loss 17.4271
2026-04-20 06:47:58  INFO    Epoch 18/20  Batch 3300/4563  Loss 22.9904
2026-04-20 06:48:32  INFO    Epoch 18/20  Batch 3350/4563  Loss 17.2439
2026-04-20 06:49:06  INFO    Epoch 18/20  Batch 3400/4563  Loss 26.4019
2026-04-20 06:49:40  INFO    Epoch 18/20  Batch 3450/4563  Loss 13.5302
2026-04-20 06:50:14  INFO    Epoch 18/20  Batch 3500/4563  Loss 15.8813
2026-04-20 06:50:47  INFO    Epoch 18/20  Batch 3550/4563  Loss 18.0761
2026-04-20 06:51:22  INFO    Epoch 18/20  Batch 3600/4563  Loss 17.4989
2026-04-20 06:51:57  INFO    Epoch 18/20  Batch 3650/4563  Loss 24.6512
2026-04-20 06:52:32  INFO    Epoch 18/20  Batch 3700/4563  Loss 11.8412
2026-04-20 06:53:09  INFO    Epoch 18/20  Batch 3750/4563  Loss 14.8109
2026-04-20 06:53:42  INFO    Epoch 18/20  Batch 3800/4563  Loss 21.9598
2026-04-20 06:54:16  INFO    Epoch 18/20  Batch 3850/4563  Loss 13.9360
2026-04-20 06:54:49  INFO    Epoch 18/20  Batch 3900/4563  Loss 16.6379
2026-04-20 06:55:22  INFO    Epoch 18/20  Batch 3950/4563  Loss 15.1037
2026-04-20 06:55:55  INFO    Epoch 18/20  Batch 4000/4563  Loss 19.9032
2026-04-20 06:56:31  INFO    Epoch 18/20  Batch 4050/4563  Loss 19.5246
2026-04-20 06:57:05  INFO    Epoch 18/20  Batch 4100/4563  Loss 23.1031
2026-04-20 06:57:40  INFO    Epoch 18/20  Batch 4150/4563  Loss 28.6577
2026-04-20 06:58:14  INFO    Epoch 18/20  Batch 4200/4563  Loss 20.0874
2026-04-20 06:58:49  INFO    Epoch 18/20  Batch 4250/4563  Loss 20.3997
2026-04-20 06:59:22  INFO    Epoch 18/20  Batch 4300/4563  Loss 24.4517
2026-04-20 06:59:56  INFO    Epoch 18/20  Batch 4350/4563  Loss 22.1513
2026-04-20 07:00:30  INFO    Epoch 18/20  Batch 4400/4563  Loss 15.7683
2026-04-20 07:01:05  INFO    Epoch 18/20  Batch 4450/4563  Loss 18.4291
2026-04-20 07:01:39  INFO    Epoch 18/20  Batch 4500/4563  Loss 21.7013
2026-04-20 07:02:12  INFO    Epoch 18/20  Batch 4550/4563  Loss 21.9667
2026-04-20 07:11:12  INFO  Epoch 018/20 | Train MAE 5.943 | Val MAE 7.503 | ±3yr 29.4% | ±5yr 45.4% | 3647s
2026-04-20 07:11:15  INFO    Epoch 19/20  Batch 0/4563  Loss 17.8736
2026-04-20 07:11:48  INFO    Epoch 19/20  Batch 50/4563  Loss 16.7928
2026-04-20 07:12:21  INFO    Epoch 19/20  Batch 100/4563  Loss 22.4458
2026-04-20 07:12:55  INFO    Epoch 19/20  Batch 150/4563  Loss 28.9386
2026-04-20 07:13:29  INFO    Epoch 19/20  Batch 200/4563  Loss 18.8768
2026-04-20 07:14:03  INFO    Epoch 19/20  Batch 250/4563  Loss 24.2729
2026-04-20 07:14:38  INFO    Epoch 19/20  Batch 300/4563  Loss 17.0228
2026-04-20 07:15:10  INFO    Epoch 19/20  Batch 350/4563  Loss 20.3408
2026-04-20 07:15:45  INFO    Epoch 19/20  Batch 400/4563  Loss 26.0811
2026-04-20 07:16:19  INFO    Epoch 19/20  Batch 450/4563  Loss 20.1355
2026-04-20 07:16:53  INFO    Epoch 19/20  Batch 500/4563  Loss 28.4174
2026-04-20 07:17:27  INFO    Epoch 19/20  Batch 550/4563  Loss 19.6482
2026-04-20 07:18:00  INFO    Epoch 19/20  Batch 600/4563  Loss 24.1834
2026-04-20 07:18:36  INFO    Epoch 19/20  Batch 650/4563  Loss 15.5328
2026-04-20 07:19:11  INFO    Epoch 19/20  Batch 700/4563  Loss 17.2435
2026-04-20 07:19:45  INFO    Epoch 19/20  Batch 750/4563  Loss 25.5591
2026-04-20 07:20:20  INFO    Epoch 19/20  Batch 800/4563  Loss 27.7874
2026-04-20 07:20:54  INFO    Epoch 19/20  Batch 850/4563  Loss 16.8468
2026-04-20 07:21:28  INFO    Epoch 19/20  Batch 900/4563  Loss 16.5606
2026-04-20 07:22:03  INFO    Epoch 19/20  Batch 950/4563  Loss 24.2199
2026-04-20 07:22:36  INFO    Epoch 19/20  Batch 1000/4563  Loss 16.9266
2026-04-20 07:23:10  INFO    Epoch 19/20  Batch 1050/4563  Loss 10.7101
2026-04-20 07:23:44  INFO    Epoch 19/20  Batch 1100/4563  Loss 12.0567
2026-04-20 07:24:20  INFO    Epoch 19/20  Batch 1150/4563  Loss 13.7151
2026-04-20 07:24:55  INFO    Epoch 19/20  Batch 1200/4563  Loss 18.8118
2026-04-20 07:25:29  INFO    Epoch 19/20  Batch 1250/4563  Loss 20.3102
2026-04-20 07:26:04  INFO    Epoch 19/20  Batch 1300/4563  Loss 20.8972
2026-04-20 07:26:39  INFO    Epoch 19/20  Batch 1350/4563  Loss 18.2549
2026-04-20 07:27:11  INFO    Epoch 19/20  Batch 1400/4563  Loss 25.0279
2026-04-20 07:27:44  INFO    Epoch 19/20  Batch 1450/4563  Loss 23.4722
2026-04-20 07:28:18  INFO    Epoch 19/20  Batch 1500/4563  Loss 17.0372
2026-04-20 07:28:53  INFO    Epoch 19/20  Batch 1550/4563  Loss 20.3714
2026-04-20 07:29:28  INFO    Epoch 19/20  Batch 1600/4563  Loss 9.9926
2026-04-20 07:30:01  INFO    Epoch 19/20  Batch 1650/4563  Loss 15.7342
2026-04-20 07:30:37  INFO    Epoch 19/20  Batch 1700/4563  Loss 25.3718
2026-04-20 07:31:11  INFO    Epoch 19/20  Batch 1750/4563  Loss 16.2825
2026-04-20 07:31:45  INFO    Epoch 19/20  Batch 1800/4563  Loss 19.5146
2026-04-20 07:32:18  INFO    Epoch 19/20  Batch 1850/4563  Loss 25.4109
2026-04-20 07:32:52  INFO    Epoch 19/20  Batch 1900/4563  Loss 20.4356
2026-04-20 07:33:26  INFO    Epoch 19/20  Batch 1950/4563  Loss 18.4629
2026-04-20 07:33:59  INFO    Epoch 19/20  Batch 2000/4563  Loss 23.7334
2026-04-20 07:34:33  INFO    Epoch 19/20  Batch 2050/4563  Loss 14.6789
2026-04-20 07:35:08  INFO    Epoch 19/20  Batch 2100/4563  Loss 20.3667
2026-04-20 07:35:41  INFO    Epoch 19/20  Batch 2150/4563  Loss 23.5706
2026-04-20 07:36:13  INFO    Epoch 19/20  Batch 2200/4563  Loss 19.4761
2026-04-20 07:36:47  INFO    Epoch 19/20  Batch 2250/4563  Loss 26.3797
2026-04-20 07:37:20  INFO    Epoch 19/20  Batch 2300/4563  Loss 32.6039
2026-04-20 07:37:56  INFO    Epoch 19/20  Batch 2350/4563  Loss 22.1825
2026-04-20 07:38:29  INFO    Epoch 19/20  Batch 2400/4563  Loss 17.1659
2026-04-20 07:39:02  INFO    Epoch 19/20  Batch 2450/4563  Loss 18.0325
2026-04-20 07:39:35  INFO    Epoch 19/20  Batch 2500/4563  Loss 19.7085
2026-04-20 07:40:11  INFO    Epoch 19/20  Batch 2550/4563  Loss 33.9053
2026-04-20 07:40:45  INFO    Epoch 19/20  Batch 2600/4563  Loss 10.9108
2026-04-20 07:41:19  INFO    Epoch 19/20  Batch 2650/4563  Loss 11.3971
2026-04-20 07:41:53  INFO    Epoch 19/20  Batch 2700/4563  Loss 26.5058
2026-04-20 07:42:27  INFO    Epoch 19/20  Batch 2750/4563  Loss 16.2082
2026-04-20 07:43:00  INFO    Epoch 19/20  Batch 2800/4563  Loss 20.1658
2026-04-20 07:43:32  INFO    Epoch 19/20  Batch 2850/4563  Loss 24.1185
2026-04-20 07:44:06  INFO    Epoch 19/20  Batch 2900/4563  Loss 13.6905
2026-04-20 07:44:42  INFO    Epoch 19/20  Batch 2950/4563  Loss 13.8607
2026-04-20 07:45:17  INFO    Epoch 19/20  Batch 3000/4563  Loss 18.2552
2026-04-20 07:45:53  INFO    Epoch 19/20  Batch 3050/4563  Loss 9.8482
2026-04-20 07:46:29  INFO    Epoch 19/20  Batch 3100/4563  Loss 15.9000
2026-04-20 07:47:05  INFO    Epoch 19/20  Batch 3150/4563  Loss 16.5509
2026-04-20 07:47:40  INFO    Epoch 19/20  Batch 3200/4563  Loss 19.4070
2026-04-20 07:48:14  INFO    Epoch 19/20  Batch 3250/4563  Loss 12.5144
2026-04-20 07:48:51  INFO    Epoch 19/20  Batch 3300/4563  Loss 26.6582
2026-04-20 07:49:26  INFO    Epoch 19/20  Batch 3350/4563  Loss 15.5543
2026-04-20 07:50:02  INFO    Epoch 19/20  Batch 3400/4563  Loss 16.8515
2026-04-20 07:50:38  INFO    Epoch 19/20  Batch 3450/4563  Loss 13.8110
2026-04-20 07:51:14  INFO    Epoch 19/20  Batch 3500/4563  Loss 22.8675
2026-04-20 07:51:49  INFO    Epoch 19/20  Batch 3550/4563  Loss 21.3826
2026-04-20 07:52:24  INFO    Epoch 19/20  Batch 3600/4563  Loss 31.0715
2026-04-20 07:53:00  INFO    Epoch 19/20  Batch 3650/4563  Loss 21.5581
2026-04-20 07:53:35  INFO    Epoch 19/20  Batch 3700/4563  Loss 22.2160
2026-04-20 07:54:10  INFO    Epoch 19/20  Batch 3750/4563  Loss 9.6278
2026-04-20 07:54:47  INFO    Epoch 19/20  Batch 3800/4563  Loss 19.4809
2026-04-20 07:55:22  INFO    Epoch 19/20  Batch 3850/4563  Loss 17.4525
2026-04-20 07:55:56  INFO    Epoch 19/20  Batch 3900/4563  Loss 21.9888
2026-04-20 07:56:32  INFO    Epoch 19/20  Batch 3950/4563  Loss 20.3184
2026-04-20 07:57:07  INFO    Epoch 19/20  Batch 4000/4563  Loss 14.0625
2026-04-20 07:57:42  INFO    Epoch 19/20  Batch 4050/4563  Loss 25.1539
2026-04-20 07:58:17  INFO    Epoch 19/20  Batch 4100/4563  Loss 25.4638
2026-04-20 07:58:52  INFO    Epoch 19/20  Batch 4150/4563  Loss 17.8657
2026-04-20 07:59:26  INFO    Epoch 19/20  Batch 4200/4563  Loss 16.8606
2026-04-20 08:00:02  INFO    Epoch 19/20  Batch 4250/4563  Loss 25.5845
2026-04-20 08:00:36  INFO    Epoch 19/20  Batch 4300/4563  Loss 28.8699
2026-04-20 08:01:13  INFO    Epoch 19/20  Batch 4350/4563  Loss 17.1336
2026-04-20 08:01:49  INFO    Epoch 19/20  Batch 4400/4563  Loss 19.3639
2026-04-20 08:02:24  INFO    Epoch 19/20  Batch 4450/4563  Loss 24.6407
2026-04-20 08:03:00  INFO    Epoch 19/20  Batch 4500/4563  Loss 29.3055
2026-04-20 08:03:34  INFO    Epoch 19/20  Batch 4550/4563  Loss 20.3921
2026-04-20 08:12:59  INFO  Epoch 019/20 | Train MAE 5.833 | Val MAE 7.511 | ±3yr 29.2% | ±5yr 45.2% | 3706s
2026-04-20 08:13:01  INFO    Epoch 20/20  Batch 0/4563  Loss 15.8973
2026-04-20 08:13:36  INFO    Epoch 20/20  Batch 50/4563  Loss 22.0973
2026-04-20 08:14:13  INFO    Epoch 20/20  Batch 100/4563  Loss 21.0479
2026-04-20 08:14:48  INFO    Epoch 20/20  Batch 150/4563  Loss 30.1925
2026-04-20 08:15:22  INFO    Epoch 20/20  Batch 200/4563  Loss 19.1167
2026-04-20 08:15:57  INFO    Epoch 20/20  Batch 250/4563  Loss 11.1256
2026-04-20 08:16:32  INFO    Epoch 20/20  Batch 300/4563  Loss 23.4686
2026-04-20 08:17:08  INFO    Epoch 20/20  Batch 350/4563  Loss 23.7368
2026-04-20 08:17:43  INFO    Epoch 20/20  Batch 400/4563  Loss 25.5751
2026-04-20 08:18:19  INFO    Epoch 20/20  Batch 450/4563  Loss 13.2074
2026-04-20 08:18:55  INFO    Epoch 20/20  Batch 500/4563  Loss 17.0594
2026-04-20 08:19:31  INFO    Epoch 20/20  Batch 550/4563  Loss 22.1740
2026-04-20 08:20:06  INFO    Epoch 20/20  Batch 600/4563  Loss 10.4720
2026-04-20 08:20:42  INFO    Epoch 20/20  Batch 650/4563  Loss 20.5763
2026-04-20 08:21:16  INFO    Epoch 20/20  Batch 700/4563  Loss 16.1190
2026-04-20 08:21:51  INFO    Epoch 20/20  Batch 750/4563  Loss 14.5702
2026-04-20 08:22:25  INFO    Epoch 20/20  Batch 800/4563  Loss 16.4114
2026-04-20 08:23:00  INFO    Epoch 20/20  Batch 850/4563  Loss 12.6521
2026-04-20 08:23:35  INFO    Epoch 20/20  Batch 900/4563  Loss 39.7976
2026-04-20 08:24:11  INFO    Epoch 20/20  Batch 950/4563  Loss 13.8413
2026-04-20 08:24:46  INFO    Epoch 20/20  Batch 1000/4563  Loss 16.4928
2026-04-20 08:25:20  INFO    Epoch 20/20  Batch 1050/4563  Loss 7.9781
2026-04-20 08:25:55  INFO    Epoch 20/20  Batch 1100/4563  Loss 14.9001
2026-04-20 08:26:31  INFO    Epoch 20/20  Batch 1150/4563  Loss 15.8528
2026-04-20 08:27:06  INFO    Epoch 20/20  Batch 1200/4563  Loss 26.3386
2026-04-20 08:27:42  INFO    Epoch 20/20  Batch 1250/4563  Loss 14.9218
2026-04-20 08:28:17  INFO    Epoch 20/20  Batch 1300/4563  Loss 13.3822
2026-04-20 08:28:52  INFO    Epoch 20/20  Batch 1350/4563  Loss 14.3011
2026-04-20 08:29:26  INFO    Epoch 20/20  Batch 1400/4563  Loss 21.7272
2026-04-20 08:30:01  INFO    Epoch 20/20  Batch 1450/4563  Loss 13.0659
2026-04-20 08:30:36  INFO    Epoch 20/20  Batch 1500/4563  Loss 12.5664
2026-04-20 08:31:11  INFO    Epoch 20/20  Batch 1550/4563  Loss 13.1150
2026-04-20 08:31:46  INFO    Epoch 20/20  Batch 1600/4563  Loss 18.2592
2026-04-20 08:32:22  INFO    Epoch 20/20  Batch 1650/4563  Loss 17.5405
2026-04-20 08:32:58  INFO    Epoch 20/20  Batch 1700/4563  Loss 21.1477
2026-04-20 08:33:33  INFO    Epoch 20/20  Batch 1750/4563  Loss 17.1645
2026-04-20 08:34:09  INFO    Epoch 20/20  Batch 1800/4563  Loss 23.2374
2026-04-20 08:34:45  INFO    Epoch 20/20  Batch 1850/4563  Loss 17.7658
2026-04-20 08:35:20  INFO    Epoch 20/20  Batch 1900/4563  Loss 26.4764
2026-04-20 08:35:57  INFO    Epoch 20/20  Batch 1950/4563  Loss 17.5388
2026-04-20 08:36:31  INFO    Epoch 20/20  Batch 2000/4563  Loss 21.9401
2026-04-20 08:37:04  INFO    Epoch 20/20  Batch 2050/4563  Loss 18.3651
2026-04-20 08:37:38  INFO    Epoch 20/20  Batch 2100/4563  Loss 18.0144
2026-04-20 08:38:11  INFO    Epoch 20/20  Batch 2150/4563  Loss 11.7739
2026-04-20 08:38:45  INFO    Epoch 20/20  Batch 2200/4563  Loss 20.0045
2026-04-20 08:39:19  INFO    Epoch 20/20  Batch 2250/4563  Loss 22.0130
2026-04-20 08:39:54  INFO    Epoch 20/20  Batch 2300/4563  Loss 16.7920
2026-04-20 08:40:28  INFO    Epoch 20/20  Batch 2350/4563  Loss 12.0944
2026-04-20 08:41:04  INFO    Epoch 20/20  Batch 2400/4563  Loss 20.6445
2026-04-20 08:41:38  INFO    Epoch 20/20  Batch 2450/4563  Loss 15.0485
2026-04-20 08:42:12  INFO    Epoch 20/20  Batch 2500/4563  Loss 16.4860
2026-04-20 08:42:46  INFO    Epoch 20/20  Batch 2550/4563  Loss 13.6728
2026-04-20 08:43:20  INFO    Epoch 20/20  Batch 2600/4563  Loss 18.8840
2026-04-20 08:43:55  INFO    Epoch 20/20  Batch 2650/4563  Loss 21.3689
2026-04-20 08:44:31  INFO    Epoch 20/20  Batch 2700/4563  Loss 20.3728
2026-04-20 08:45:06  INFO    Epoch 20/20  Batch 2750/4563  Loss 11.6076
2026-04-20 08:45:41  INFO    Epoch 20/20  Batch 2800/4563  Loss 19.1624
2026-04-20 08:46:15  INFO    Epoch 20/20  Batch 2850/4563  Loss 23.7759
2026-04-20 08:46:49  INFO    Epoch 20/20  Batch 2900/4563  Loss 26.0090
2026-04-20 08:47:24  INFO    Epoch 20/20  Batch 2950/4563  Loss 22.4348
2026-04-20 08:48:00  INFO    Epoch 20/20  Batch 3000/4563  Loss 17.9391
2026-04-20 08:48:35  INFO    Epoch 20/20  Batch 3050/4563  Loss 24.2021
2026-04-20 08:49:11  INFO    Epoch 20/20  Batch 3100/4563  Loss 25.6367
2026-04-20 08:49:44  INFO    Epoch 20/20  Batch 3150/4563  Loss 26.7557
2026-04-20 08:50:18  INFO    Epoch 20/20  Batch 3200/4563  Loss 20.2214
2026-04-20 08:50:54  INFO    Epoch 20/20  Batch 3250/4563  Loss 20.2605
2026-04-20 08:51:29  INFO    Epoch 20/20  Batch 3300/4563  Loss 11.5428
2026-04-20 08:52:05  INFO    Epoch 20/20  Batch 3350/4563  Loss 28.0925
2026-04-20 08:52:40  INFO    Epoch 20/20  Batch 3400/4563  Loss 28.7136
2026-04-20 08:53:14  INFO    Epoch 20/20  Batch 3450/4563  Loss 22.6018
2026-04-20 08:53:49  INFO    Epoch 20/20  Batch 3500/4563  Loss 14.9790
2026-04-20 08:54:23  INFO    Epoch 20/20  Batch 3550/4563  Loss 26.8160
2026-04-20 08:54:56  INFO    Epoch 20/20  Batch 3600/4563  Loss 14.5818
2026-04-20 08:55:31  INFO    Epoch 20/20  Batch 3650/4563  Loss 12.6700
2026-04-20 08:56:05  INFO    Epoch 20/20  Batch 3700/4563  Loss 17.4156
2026-04-20 08:56:39  INFO    Epoch 20/20  Batch 3750/4563  Loss 15.3213
2026-04-20 08:57:15  INFO    Epoch 20/20  Batch 3800/4563  Loss 19.4583
2026-04-20 08:57:47  INFO    Epoch 20/20  Batch 3850/4563  Loss 26.3048
2026-04-20 08:58:20  INFO    Epoch 20/20  Batch 3900/4563  Loss 18.7189
2026-04-20 08:58:55  INFO    Epoch 20/20  Batch 3950/4563  Loss 13.2248
2026-04-20 08:59:29  INFO    Epoch 20/20  Batch 4000/4563  Loss 9.7092
2026-04-20 09:00:04  INFO    Epoch 20/20  Batch 4050/4563  Loss 17.8108
2026-04-20 09:00:38  INFO    Epoch 20/20  Batch 4100/4563  Loss 24.0136
2026-04-20 09:01:13  INFO    Epoch 20/20  Batch 4150/4563  Loss 16.2601
2026-04-20 09:01:47  INFO    Epoch 20/20  Batch 4200/4563  Loss 15.5836
2026-04-20 09:02:21  INFO    Epoch 20/20  Batch 4250/4563  Loss 19.2121
2026-04-20 09:02:56  INFO    Epoch 20/20  Batch 4300/4563  Loss 14.2141
2026-04-20 09:03:32  INFO    Epoch 20/20  Batch 4350/4563  Loss 15.4520
2026-04-20 09:04:06  INFO    Epoch 20/20  Batch 4400/4563  Loss 16.0879
2026-04-20 09:04:41  INFO    Epoch 20/20  Batch 4450/4563  Loss 16.3105
2026-04-20 09:05:17  INFO    Epoch 20/20  Batch 4500/4563  Loss 35.1918
2026-04-20 09:05:50  INFO    Epoch 20/20  Batch 4550/4563  Loss 18.1461
2026-04-20 09:14:59  INFO  Epoch 020/20 | Train MAE 5.739 | Val MAE 7.351 | ±3yr 30.0% | ±5yr 46.3% | 3719s
2026-04-20 09:14:59  INFO    ★  New best saved  (val_mae=7.3511)
2026-04-20 09:15:00  INFO  ────────────────────────────────────────────────────────────
2026-04-20 09:15:00  INFO  Loading best model for final evaluation …
2026-04-20 09:23:58  INFO  Final best-model  ±3yr: 29.96%  ±5yr: 46.33%
2026-04-20 09:23:58  INFO  Plots saved to outputs/
2026-04-20 09:23:58  INFO  Done.
